Driver,Nationality,Seasons,Championships,Race_Entries,Race_Starts,Pole_Positions,Race_Wins,Podiums,Fastest_Laps,Points,Active,Championship Years,Decade,Pole_Rate,Start_Rate,Win_Rate,Podium_Rate,FastLap_Rate,Points_Per_Entry,Years_Active,Champion
Carlo Abate,Italy,"[1962, 1963]",0,3,0,0,0,0,0,0,No,,1960,0,0,0,0,0,0,2,No
George Abecassis,United Kingdom,"[1951, 1952]",0,2,2,0,0,0,0,0,No,,1950,0,1,0,0,0,0,2,No
Kenny Acheson,United Kingdom,"[1983, 1985]",0,10,3,0,0,0,0,0,No,,1980,0,0.3,0,0,0,0,2,No
Andrea de Adamich,Italy,"[1968, 1970, 1971, 1972, 1973]",0,36,30,0,0,0,0,6,No,,1970,0,0.8333333333,0,0,0,0.1666666667,5,No
Philippe Adams,Belgium,[1994],0,2,2,0,0,0,0,0,No,,1990,0,1,0,0,0,0,1,No
Walt Ader,United States,[1950],0,1,1,0,0,0,0,0,No,,1950,0,1,0,0,0,0,1,No
Kurt Adolff,West Germany,[1953],0,1,1,0,0,0,0,0,No,,1950,0,1,0,0,0,0,1,No
Fred Agabashian,United States,"[1950, 1951, 1952, 1953, 1954, 1955, 1956, 1957]",0,9,8,1,0,0,0,1.5,No,,1950,0.1111111111,0.8888888889,0,0,0,0.1666666667,8,No
Kurt Ahrens Jr.,West Germany,"[1966, 1967, 1968, 1969]",0,4,4,0,0,0,0,0,No,,1970,0,1,0,0,0,0,4,No
Jack Aitken,United Kingdom,[2020],0,1,1,0,0,0,0,0,No,,2020,0,1,0,0,0,0,1,No
Christijan Albers,Netherlands,"[2005, 2006, 2007]",0,46,46,0,0,0,0,4,No,,2010,0,1,0,0,0,0.08695652174,3,No
Alexander Albon,Thailand,"[2019, 2020, 2022]",0,61,60,0,0,2,0,202,Yes,,2020,0,0.9836065574,0,0.03278688525,0,3.31147541,3,No
Michele Alboreto,Italy,"[1981, 1982, 1983, 1984, 1985, 1986, 1987, 1988, 1989, 1990, 1991, 1992, 1993, 1994]",0,215,194,2,5,23,5,186.5,No,,1990,0.009302325581,0.9023255814,0.02325581395,0.1069767442,0.02325581395,0.8674418605,14,No
Jean Alesi,France,"[1989, 1990, 1991, 1992, 1993, 1994, 1995, 1996, 1997, 1998, 1999, 2000, 2001]",0,202,201,2,1,32,4,241,No,,2000,0.009900990099,0.995049505,0.00495049505,0.1584158416,0.0198019802,1.193069307,13,No
Jaime Alguersuari,Spain,"[2009, 2010, 2011]",0,46,46,0,0,0,0,31,No,,2010,0,1,0,0,0,0.6739130435,3,No
Philippe Alliot,France,"[1984, 1985, 1986, 1987, 1988, 1989, 1990, 1993, 1994]",0,116,109,0,0,0,0,7,No,,1990,0,0.9396551724,0,0,0,0.06034482759,9,No
Cliff Allison,United Kingdom,"[1958, 1959, 1960, 1961]",0,18,16,0,0,1,0,11,No,,1960,0,0.8888888889,0,0.05555555556,0,0.6111111111,4,No
Fernando Alonso,Spain,"[2001, 2003, 2004, 2005, 2006, 2007, 2008, 2009, 2010, 2011, 2012, 2013, 2014, 2015, 2016, 2017, 2018, 2021, 2022]",2,359,356,22,32,99,23,2076,Yes,"[2005, 2006]",2010,0.06128133705,0.991643454,0.08913649025,0.2757660167,0.06406685237,5.782729805,19,Yes
Giovanna Amati,Italy,[1992],0,3,0,0,0,0,0,0,No,,1990,0,0,0,0,0,0,1,No
George Amick,United States,[1958],0,2,1,0,0,1,0,6,No,,1960,0,0.5,0,0.5,0,3,1,No
Red Amick,United States,"[1959, 1960]",0,2,2,0,0,0,0,0,No,,1960,0,1,0,0,0,0,2,No
Chris Amon,New Zealand,"[1963, 1964, 1965, 1966, 1967, 1968, 1969, 1970, 1971, 1972, 1973, 1974, 1975, 1976]",0,108,96,5,0,11,3,83,No,,1970,0.0462962963,0.8888888889,0,0.1018518519,0.02777777778,0.7685185185,14,No
Bob Anderson,United Kingdom,"[1963, 1964, 1965, 1966, 1967]",0,29,25,0,0,1,0,8,No,,1960,0,0.8620689655,0,0.03448275862,0,0.275862069,5,No
Conny Andersson,Sweden,"[1976, 1977]",0,5,1,0,0,0,0,0,No,,1980,0,0.2,0,0,0,0,2,No
Emil Andres,United States,[1950],0,1,0,0,0,0,0,0,No,,1950,0,0,0,0,0,0,1,No
Mario Andretti,United States,"[1968, 1969, 1970, 1971, 1972, 1974, 1975, 1976, 1977, 1978, 1979, 1980, 1981, 1982]",1,131,128,18,12,19,10,180,No,[1978],1980,0.1374045802,0.9770992366,0.09160305344,0.1450381679,0.07633587786,1.374045802,14,Yes
Michael Andretti,United States,[1993],0,13,13,0,0,1,0,7,No,,1990,0,1,0,0.07692307692,0,0.5384615385,1,No
Keith Andrews,United States,"[1955, 1956]",0,3,2,0,0,0,0,0,No,,1960,0,0.6666666667,0,0,0,0,2,No
Elio de Angelis,Italy,"[1979, 1980, 1981, 1982, 1983, 1984, 1985, 1986]",0,109,108,3,2,9,0,122,No,,1980,0.02752293578,0.9908256881,0.01834862385,0.08256880734,0,1.119266055,8,No
Marco Apicella,Italy,[1993],0,1,1,0,0,0,0,0,No,,1990,0,1,0,0,0,0,1,No
Mário de Araújo Cabral,Portugal,"[1959, 1960, 1963, 1964]",0,5,4,0,0,0,0,0,No,,1960,0,0.8,0,0,0,0,4,No
Frank Armi,United States,[1954],0,3,1,0,0,0,0,0,No,,1950,0,0.3333333333,0,0,0,0,1,No
Chuck Arnold,United States,[1959],0,2,1,0,0,0,0,0,No,,1960,0,0.5,0,0,0,0,1,No
René Arnoux,France,"[1978, 1979, 1980, 1981, 1982, 1983, 1984, 1985, 1986, 1987, 1988, 1989]",0,164,149,18,7,22,12,181,No,,1980,0.1097560976,0.9085365854,0.04268292683,0.1341463415,0.07317073171,1.103658537,12,No
Peter Arundell,United Kingdom,"[1963, 1964, 1966]",0,13,11,0,0,2,0,12,No,,1960,0,0.8461538462,0,0.1538461538,0,0.9230769231,3,No
Alberto Ascari,Italy,"[1950, 1951, 1952, 1953, 1954, 1955]",2,33,32,14,13,17,12,107.64,No,"[1952, 1953]",1950,0.4242424242,0.9696969697,0.3939393939,0.5151515152,0.3636363636,3.261818182,6,Yes
Peter Ashdown,United Kingdom,[1959],0,1,1,0,0,0,0,0,No,,1960,0,1,0,0,0,0,1,No
Ian Ashley,United Kingdom,"[1974, 1975, 1976, 1977]",0,11,4,0,0,0,0,0,No,,1980,0,0.3636363636,0,0,0,0,4,No
Gerry Ashmore,United Kingdom,"[1961, 1962]",0,4,3,0,0,0,0,0,No,,1960,0,0.75,0,0,0,0,2,No
Bill Aston,United Kingdom,[1952],0,3,1,0,0,0,0,0,No,,1950,0,0.3333333333,0,0,0,0,1,No
Richard Attwood,United Kingdom,"[1964, 1965, 1967, 1968, 1969]",0,17,16,0,0,1,1,11,No,,1970,0,0.9411764706,0,0.05882352941,0.05882352941,0.6470588235,5,No
Manny Ayulo,United States,"[1951, 1952, 1953, 1954]",0,6,4,0,0,1,0,2,No,,1950,0,0.6666666667,0,0.1666666667,0,0.3333333333,4,No
Luca Badoer,Italy,"[1993, 1995, 1996, 1999, 2009]",0,58,50,0,0,0,0,0,No,,2000,0,0.8620689655,0,0,0,0,5,No
Giancarlo Baghetti,Italy,"[1961, 1962, 1963, 1964, 1965, 1966, 1967]",0,21,21,0,1,1,1,14,No,,1960,0,1,0.04761904762,0.04761904762,0.04761904762,0.6666666667,7,No
Julian Bailey,United Kingdom,"[1988, 1991]",0,20,7,0,0,0,0,1,No,,1990,0,0.35,0,0,0,0.05,2,No
Mauro Baldi,Italy,"[1982, 1983, 1984, 1985]",0,41,36,0,0,0,0,5,No,,1980,0,0.8780487805,0,0,0,0.1219512195,4,No
Bobby Ball,United States,"[1951, 1952]",0,2,2,0,0,0,0,2,No,,1950,0,1,0,0,0,1,2,No
Marcel Balsa,France,[1952],0,1,1,0,0,0,0,0,No,,1950,0,1,0,0,0,0,1,No
Lorenzo Bandini,Italy,"[1961, 1962, 1963, 1964, 1965, 1966, 1967]",0,42,42,1,1,8,2,58,No,,1960,0.02380952381,1,0.02380952381,0.1904761905,0.04761904762,1.380952381,7,No
Henry Banks,United States,"[1950, 1951, 1952]",0,5,3,0,0,0,0,0,No,,1950,0,0.6,0,0,0,0,3,No
Fabrizio Barbazza,Italy,"[1991, 1993]",0,20,8,0,0,0,0,2,No,,1990,0,0.4,0,0,0,0.1,2,No
John Barber,United Kingdom,[1953],0,1,1,0,0,0,0,0,No,,1950,0,1,0,0,0,0,1,No
Skip Barber,United States,"[1971, 1972]",0,6,5,0,0,0,0,0,No,,1970,0,0.8333333333,0,0,0,0,2,No
Paolo Barilla,Italy,"[1989, 1990]",0,15,9,0,0,0,0,0,No,,1990,0,0.6,0,0,0,0,2,No
Rubens Barrichello,Brazil,"[1993, 1994, 1995, 1996, 1997, 1998, 1999, 2000, 2001, 2002, 2003, 2004, 2005, 2006, 2007, 2008, 2009, 2010, 2011]",0,326,322,14,11,68,17,658,No,,2000,0.04294478528,0.9877300613,0.03374233129,0.2085889571,0.05214723926,2.018404908,19,No
Michael Bartels,Germany,[1991],0,4,0,0,0,0,0,0,No,,1990,0,0,0,0,0,0,1,No
Edgar Barth,"East Germany, West Germany","[1953, 1957, 1958, 1960, 1961, 1964]",0,7,5,0,0,0,0,0,No,,1960,0,0.7142857143,0,0,0,0,6,No
Giorgio Bassi,Italy,[1965],0,1,1,0,0,0,0,0,No,,1960,0,1,0,0,0,0,1,No
Erwin Bauer,West Germany,[1953],0,1,1,0,0,0,0,0,No,,1950,0,1,0,0,0,0,1,No
Zsolt Baumgartner,Hungary,"[2003, 2004]",0,20,20,0,0,0,0,1,No,,2000,0,1,0,0,0,0.05,2,No
Élie Bayol,France,"[1952, 1953, 1954, 1955, 1956]",0,8,7,0,0,0,0,2,No,,1950,0,0.875,0,0,0,0.25,5,No
Don Beauman,United Kingdom,[1954],0,1,1,0,0,0,0,0,No,,1950,0,1,0,0,0,0,1,No
Karl-Günther Bechem[g],West Germany,"[1952, 1953]",0,2,2,0,0,0,0,0,No,,1950,0,1,0,0,0,0,2,No
Jean Behra,France,"[1952, 1953, 1954, 1955, 1956, 1957, 1958, 1959]",0,53,52,0,0,9,1,51.14,No,,1960,0,0.9811320755,0,0.1698113208,0.01886792453,0.9649056604,8,No
Derek Bell,United Kingdom,"[1968, 1969, 1970, 1971, 1972, 1974]",0,16,9,0,0,0,0,1,No,,1970,0,0.5625,0,0,0,0.0625,6,No
Stefan Bellof,West Germany,"[1984, 1985]",0,22,20,0,0,0,0,4,No,,1980,0,0.9090909091,0,0,0,0.1818181818,2,No
Paul Belmondo,France,"[1992, 1994]",0,27,7,0,0,0,0,0,No,,1990,0,0.2592592593,0,0,0,0,2,No
Tom Belsø,Denmark,"[1973, 1974]",0,5,2,0,0,0,0,0,No,,1970,0,0.4,0,0,0,0,2,No
Jean-Pierre Beltoise,France,"[1967, 1968, 1969, 1970, 1971, 1972, 1973, 1974]",0,88,86,0,1,8,4,77,No,,1970,0,0.9772727273,0.01136363636,0.09090909091,0.04545454545,0.875,8,No
Olivier Beretta,Monaco,[1994],0,10,9,0,0,0,0,0,No,,1990,0,0.9,0,0,0,0,1,No
Allen Berg,Canada,[1986],0,9,9,0,0,0,0,0,No,,1990,0,1,0,0,0,0,1,No
Georges Berger,Belgium,"[1953, 1954]",0,2,2,0,0,0,0,0,No,,1950,0,1,0,0,0,0,2,No
Gerhard Berger,Austria,"[1984, 1985, 1986, 1987, 1988, 1989, 1990, 1991, 1992, 1993, 1994, 1995, 1996, 1997]",0,210,210,12,10,48,21,385,No,,1990,0.05714285714,1,0.04761904762,0.2285714286,0.1,1.833333333,14,No
Éric Bernard,France,"[1989, 1990, 1991, 1994]",0,47,45,0,0,1,0,10,No,,1990,0,0.9574468085,0,0.02127659574,0,0.2127659574,4,No
Enrique Bernoldi,Brazil,"[2001, 2002]",0,29,28,0,0,0,0,0,No,,2000,0,0.9655172414,0,0,0,0,2,No
Enrico Bertaggia,Italy,[1989],0,6,0,0,0,0,0,0,No,,1990,0,0,0,0,0,0,1,No
Tony Bettenhausen,United States,"[1950, 1951, 1952, 1953, 1954, 1955, 1956, 1957, 1958, 1959, 1960]",0,11,11,0,0,1,1,11,No,,1960,0,1,0,0.09090909091,0.09090909091,1,11,No
Mike Beuttler,United Kingdom,"[1971, 1972, 1973]",0,29,28,0,0,0,0,0,No,,1970,0,0.9655172414,0,0,0,0,3,No
Birabongse Bhanudej,Thailand,"[1950, 1951, 1952, 1953, 1954]",0,19,19,0,0,0,0,8,No,,1950,0,1,0,0,0,0.4210526316,5,No
Jules Bianchi,France,"[2013, 2014]",0,34,34,0,0,0,0,2,No,,2010,0,1,0,0,0,0.05882352941,2,No
Lucien Bianchi,Belgium,"[1959, 1960, 1961, 1962, 1963, 1965, 1968]",0,19,17,0,0,1,0,6,No,,1960,0,0.8947368421,0,0.05263157895,0,0.3157894737,7,No
Gino Bianco,Brazil,[1952],0,4,4,0,0,0,0,0,No,,1950,0,1,0,0,0,0,1,No
Hans Binder,Austria,"[1976, 1977, 1978]",0,15,13,0,0,0,0,0,No,,1980,0,0.8666666667,0,0,0,0,3,No
Clemente Biondetti,Italy,[1950],0,1,1,0,0,0,0,0,No,,1950,0,1,0,0,0,0,1,No
Pablo Birger,Argentina,"[1953, 1955]",0,2,2,0,0,0,0,0,No,,1950,0,1,0,0,0,0,2,No
Art Bisch,United States,[1958],0,1,1,0,0,0,0,0,No,,1960,0,1,0,0,0,0,1,No
Harry Blanchard,United States,[1959],0,1,1,0,0,0,0,0,No,,1960,0,1,0,0,0,0,1,No
Michael Bleekemolen,Netherlands,"[1977, 1978]",0,5,1,0,0,0,0,0,No,,1980,0,0.2,0,0,0,0,2,No
Alex Blignaut,South Africa,[1965],0,1,0,0,0,0,0,0,No,,1960,0,0,0,0,0,0,1,No
Trevor Blokdyk,South Africa,"[1963, 1965]",0,2,1,0,0,0,0,0,No,,1960,0,0.5,0,0,0,0,2,No
Mark Blundell,United Kingdom,"[1991, 1993, 1994, 1995]",0,63,61,0,0,3,0,32,No,,1990,0,0.9682539683,0,0.04761904762,0,0.5079365079,4,No
Raul Boesel,Brazil,"[1982, 1983]",0,30,23,0,0,0,0,0,No,,1980,0,0.7666666667,0,0,0,0,2,No
Menato Boffa,Italy,[1961],0,1,0,0,0,0,0,0,No,,1960,0,0,0,0,0,0,1,No
Bob Bondurant,United States,"[1965, 1966]",0,9,9,0,0,0,0,3,No,,1970,0,1,0,0,0,0.3333333333,2,No
Felice Bonetto,Italy,"[1950, 1951, 1952, 1953]",0,16,15,0,0,2,0,17.5,No,,1950,0,0.9375,0,0.125,0,1.09375,4,No
Jo Bonnier,Sweden,"[1956, 1957, 1958, 1959, 1960, 1961, 1962, 1963, 1964, 1965, 1966, 1967, 1968, 1969, 1970, 1971]",0,108,104,1,1,1,0,39,No,,1960,0.009259259259,0.962962963,0.009259259259,0.009259259259,0,0.3611111111,16,No
Roberto Bonomi,Argentina,[1960],0,1,1,0,0,0,0,0,No,,1960,0,1,0,0,0,0,1,No
Juan Manuel Bordeu,Argentina,[1961],0,1,0,0,0,0,0,0,No,,1960,0,0,0,0,0,0,1,No
Slim Borgudd,Sweden,"[1981, 1982]",0,15,10,0,0,0,0,1,No,,1980,0,0.6666666667,0,0,0,0.06666666667,2,No
Luki Botha,South Africa,[1967],0,1,1,0,0,0,0,0,No,,1970,0,1,0,0,0,0,1,No
Valtteri Bottas,Finland,"[2013, 2014, 2015, 2016, 2017, 2018, 2019, 2020, 2021, 2022]",0,202,201,20,10,67,19,1791,Yes,,2020,0.09900990099,0.995049505,0.0495049505,0.3316831683,0.09405940594,8.866336634,10,No
Jean-Christophe Boullion,France,[1995],0,11,11,0,0,0,0,3,No,,2000,0,1,0,0,0,0.2727272727,1,No
Sébastien Bourdais,France,"[2008, 2009]",0,27,27,0,0,0,0,6,No,,2010,0,1,0,0,0,0.2222222222,2,No
Thierry Boutsen,Belgium,"[1983, 1984, 1985, 1986, 1987, 1988, 1989, 1990, 1991, 1992, 1993]",0,164,163,1,3,15,1,132,No,,1990,0.006097560976,0.993902439,0.01829268293,0.09146341463,0.006097560976,0.8048780488,11,No
Johnny Boyd,United States,"[1955, 1956, 1957, 1958, 1959, 1960]",0,6,6,0,0,1,0,4,No,,1960,0,1,0,0.1666666667,0,0.6666666667,6,No
David Brabham,Australia,"[1990, 1994]",0,30,24,0,0,0,0,0,No,,1990,0,0.8,0,0,0,0,2,No
Gary Brabham,Australia,[1990],0,2,0,0,0,0,0,0,No,,1990,0,0,0,0,0,0,1,No
Jack Brabham,Australia,"[1955, 1956, 1957, 1958, 1959, 1960, 1961, 1962, 1963, 1964, 1965, 1966, 1967, 1968, 1969, 1970]",3,128,126,13,14,31,12,253,No,"[1959, 1960, 1966]",1960,0.1015625,0.984375,0.109375,0.2421875,0.09375,1.9765625,16,Yes
Bill Brack,Canada,"[1968, 1969, 1972]",0,3,3,0,0,0,0,0,No,,1970,0,1,0,0,0,0,3,No
Ernesto Brambilla,Italy,"[1963, 1969]",0,2,0,0,0,0,0,0,No,,1970,0,0,0,0,0,0,2,No
Vittorio Brambilla,Italy,"[1974, 1975, 1976, 1977, 1978, 1979, 1980]",0,79,74,1,1,1,1,15.5,No,,1980,0.01265822785,0.9367088608,0.01265822785,0.01265822785,0.01265822785,0.1962025316,7,No
Toni Branca,Switzerland,"[1950, 1951]",0,3,3,0,0,0,0,0,No,,1950,0,1,0,0,0,0,2,No
Gianfranco Brancatelli,Italy,[1979],0,3,0,0,0,0,0,0,No,,1980,0,0,0,0,0,0,1,No
Eric Brandon,United Kingdom,"[1952, 1954]",0,5,5,0,0,0,0,0,No,,1950,0,1,0,0,0,0,2,No
Don Branson,United States,"[1959, 1960]",0,2,2,0,0,0,0,3,No,,1960,0,1,0,0,0,1.5,2,No
Tom Bridger,United Kingdom,[1958],0,1,1,0,0,0,0,0,No,,1960,0,1,0,0,0,0,1,No
Tony Brise,United Kingdom,[1975],0,10,10,0,0,0,0,1,No,,1980,0,1,0,0,0,0.1,1,No
Chris Bristow,United Kingdom,"[1959, 1960]",0,4,4,0,0,0,0,0,No,,1960,0,1,0,0,0,0,2,No
Peter Broeker,Canada,[1963],0,1,1,0,0,0,0,0,No,,1960,0,1,0,0,0,0,1,No
Tony Brooks,United Kingdom,"[1956, 1957, 1958, 1959, 1960, 1961]",0,39,38,3,6,10,3,75,No,,1960,0.07692307692,0.9743589744,0.1538461538,0.2564102564,0.07692307692,1.923076923,6,No
Alan Brown,United Kingdom,"[1952, 1953, 1954]",0,9,8,0,0,0,0,2,No,,1950,0,0.8888888889,0,0,0,0.2222222222,3,No
Walt Brown,United States,"[1950, 1951]",0,2,2,0,0,0,0,0,No,,1950,0,1,0,0,0,0,2,No
Warwick Brown,Australia,[1976],0,1,1,0,0,0,0,0,No,,1980,0,1,0,0,0,0,1,No
Adolf Brudes,West Germany,[1952],0,1,1,0,0,0,0,0,No,,1950,0,1,0,0,0,0,1,No
Martin Brundle,United Kingdom,"[1984, 1985, 1986, 1987, 1988, 1989, 1991, 1992, 1993, 1994, 1995, 1996]",0,165,158,0,0,9,0,98,No,,1990,0,0.9575757576,0,0.05454545455,0,0.5939393939,12,No
Gianmaria Bruni,Italy,[2004],0,18,18,0,0,0,0,0,No,,2000,0,1,0,0,0,0,1,No
Jimmy Bryan,United States,"[1952, 1953, 1954, 1955, 1956, 1957, 1958, 1959, 1960]",0,10,9,0,1,3,0,18,No,,1960,0,0.9,0.1,0.3,0,1.8,9,No
Clemar Bucci,Argentina,"[1954, 1955]",0,5,5,0,0,0,0,0,No,,1950,0,1,0,0,0,0,2,No
Ronnie Bucknum,United States,"[1964, 1965, 1966]",0,11,11,0,0,0,0,2,No,,1960,0,1,0,0,0,0.1818181818,3,No
Ivor Bueb,United Kingdom,"[1957, 1958, 1959]",0,6,5,0,0,0,0,0,No,,1960,0,0.8333333333,0,0,0,0,3,No
Sébastien Buemi,Switzerland,"[2009, 2010, 2011]",0,55,55,0,0,0,0,29,No,,2010,0,1,0,0,0,0.5272727273,3,No
Luiz Bueno,Brazil,[1973],0,1,1,0,0,0,0,0,No,,1970,0,1,0,0,0,0,1,No
Ian Burgess,United Kingdom,"[1958, 1959, 1960, 1961, 1962, 1963]",0,20,16,0,0,0,0,0,No,,1960,0,0.8,0,0,0,0,6,No
Luciano Burti,Brazil,"[2000, 2001]",0,15,14,0,0,0,0,0,No,,2000,0,0.9333333333,0,0,0,0,2,No
Roberto Bussinello,Italy,"[1961, 1965]",0,3,2,0,0,0,0,0,No,,1960,0,0.6666666667,0,0,0,0,2,No
Jenson Button,United Kingdom,"[2000, 2001, 2002, 2003, 2004, 2005, 2006, 2007, 2008, 2009, 2010, 2011, 2012, 2013, 2014, 2015, 2016, 2017]",1,309,306,8,15,50,8,1235,No,[2009],2010,0.02588996764,0.9902912621,0.04854368932,0.1618122977,0.02588996764,3.996763754,18,Yes
Tommy Byrne,Ireland,[1982],0,5,2,0,0,0,0,0,No,,1980,0,0.4,0,0,0,0,1,No
Giulio Cabianca,Italy,"[1958, 1959, 1960]",0,4,3,0,0,0,0,3,No,,1960,0,0.75,0,0,0,0.75,3,No
Phil Cade,United States,[1959],0,1,0,0,0,0,0,0,No,,1960,0,0,0,0,0,0,1,No
Alex Caffi,Italy,"[1986, 1987, 1988, 1989, 1990, 1991]",0,75,56,0,0,0,0,6,No,,1990,0,0.7466666667,0,0,0,0.08,6,No
John Campbell-Jones,United Kingdom,"[1962, 1963]",0,2,2,0,0,0,0,0,No,,1960,0,1,0,0,0,0,2,No
Adrián Campos,Spain,"[1987, 1988]",0,21,17,0,0,0,0,0,No,,1990,0,0.8095238095,0,0,0,0,2,No
John Cannon,Canada,[1971],0,1,1,0,0,0,0,0,No,,1970,0,1,0,0,0,0,1,No
Eitel Cantoni,Uruguay,[1952],0,3,3,0,0,0,0,0,No,,1950,0,1,0,0,0,0,1,No
Bill Cantrell,United States,[1950],0,2,1,0,0,0,0,0,No,,1950,0,0.5,0,0,0,0,1,No
Ivan Capelli,Italy,"[1985, 1986, 1987, 1988, 1989, 1990, 1991, 1992, 1993]",0,98,93,0,0,3,0,31,No,,1990,0,0.9489795918,0,0.0306122449,0,0.3163265306,9,No
Piero Carini,Italy,"[1952, 1953]",0,3,3,0,0,0,0,0,No,,1950,0,1,0,0,0,0,2,No
Duane Carter,United States,"[1950, 1951, 1952, 1953, 1954, 1955, 1959, 1960]",0,8,8,0,0,1,0,6.5,No,,1950,0,1,0,0.125,0,0.8125,8,No
Eugenio Castellotti,Italy,"[1955, 1956, 1957]",0,14,14,1,0,3,0,19.5,No,,1960,0.07142857143,1,0,0.2142857143,0,1.392857143,3,No
Johnny Cecotto,Venezuela,"[1983, 1984]",0,23,18,0,0,0,0,1,No,,1980,0,0.7826086957,0,0,0,0.04347826087,2,No
Andrea de Cesaris,Italy,"[1980, 1981, 1982, 1983, 1984, 1985, 1986, 1987, 1988, 1989, 1990, 1991, 1992, 1993, 1994]",0,214,208,1,0,5,1,59,No,,1990,0.004672897196,0.9719626168,0,0.02336448598,0.004672897196,0.2757009346,15,No
François Cevert,France,"[1970, 1971, 1972, 1973]",0,47,46,0,1,13,2,89,No,,1970,0,0.9787234043,0.02127659574,0.2765957447,0.04255319149,1.893617021,4,No
Eugène Chaboud,France,"[1950, 1951]",0,3,3,0,0,0,0,1,No,,1950,0,1,0,0,0,0.3333333333,2,No
Jay Chamberlain,United States,[1962],0,3,1,0,0,0,0,0,No,,1960,0,0.3333333333,0,0,0,0,1,No
Karun Chandhok,India,"[2010, 2011]",0,11,11,0,0,0,0,0,No,,2010,0,1,0,0,0,0,2,No
Alain de Changy,Belgium,[1959],0,1,0,0,0,0,0,0,No,,1960,0,0,0,0,0,0,1,No
Colin Chapman,United Kingdom,[1956],0,1,0,0,0,0,0,0,No,,1960,0,0,0,0,0,0,1,No
Dave Charlton,South Africa,"[1965, 1967, 1968, 1970, 1971, 1972, 1973, 1974, 1975]",0,14,11,0,0,0,0,0,No,,1970,0,0.7857142857,0,0,0,0,9,No
Pedro Chaves,Portugal,[1991],0,13,0,0,0,0,0,0,No,,1990,0,0,0,0,0,0,1,No
Bill Cheesbourg,United States,"[1957, 1958, 1959]",0,4,3,0,0,0,0,0,No,,1960,0,0.75,0,0,0,0,3,No
Eddie Cheever,United States,"[1978, 1980, 1981, 1982, 1983, 1984, 1985, 1986, 1987, 1988, 1989]",0,143,132,0,0,9,0,70,No,,1980,0,0.9230769231,0,0.06293706294,0,0.4895104895,11,No
Andrea Chiesa,Switzerland,[1992],0,10,3,0,0,0,0,0,No,,1990,0,0.3,0,0,0,0,1,No
Max Chilton,United Kingdom,"[2013, 2014]",0,35,35,0,0,0,0,0,No,,2010,0,1,0,0,0,0,2,No
Ettore Chimeri,Venezuela,[1960],0,1,1,0,0,0,0,0,No,,1960,0,1,0,0,0,0,1,No
Louis Chiron,Monaco,"[1950, 1951, 1953, 1955, 1956, 1958]",0,19,15,0,0,1,0,4,No,,1950,0,0.7894736842,0,0.05263157895,0,0.2105263158,6,No
Joie Chitwood,United States,[1950],0,1,1,0,0,0,0,1,No,,1950,0,1,0,0,0,1,1,No
Bob Christie,United States,"[1956, 1957, 1958, 1959, 1960]",0,7,5,0,0,0,0,0,No,,1960,0,0.7142857143,0,0,0,0,5,No
Johnny Claes,Belgium,"[1950, 1951, 1952, 1953, 1955]",0,25,23,0,0,0,0,0,No,,1950,0,0.92,0,0,0,0,5,No
David Clapham,South Africa,[1965],0,1,0,0,0,0,0,0,No,,1960,0,0,0,0,0,0,1,No
Jim Clark,United Kingdom,"[1960, 1961, 1962, 1963, 1964, 1965, 1966, 1967, 1968]",2,73,72,33,25,32,28,255,No,"[1963, 1965]",1960,0.4520547945,0.9863013699,0.3424657534,0.4383561644,0.3835616438,3.493150685,9,Yes
Kevin Cogan,United States,"[1980, 1981]",0,2,0,0,0,0,0,0,No,,1980,0,0,0,0,0,0,2,No
Peter Collins,United Kingdom,"[1952, 1953, 1954, 1955, 1956, 1957, 1958]",0,35,32,0,3,9,0,47,No,,1960,0,0.9142857143,0.08571428571,0.2571428571,0,1.342857143,7,No
Bernard Collomb,France,"[1961, 1962, 1963, 1964]",0,6,4,0,0,0,0,0,No,,1960,0,0.6666666667,0,0,0,0,4,No
Alberto Colombo,Italy,[1978],0,3,0,0,0,0,0,0,No,,1980,0,0,0,0,0,0,1,No
Érik Comas,France,"[1991, 1992, 1993, 1994]",0,63,59,0,0,0,0,7,No,,1990,0,0.9365079365,0,0,0,0.1111111111,4,No
Franco Comotti,Italy,"[1950, 1952]",0,2,2,0,0,0,0,0,No,,1950,0,1,0,0,0,0,2,No
George Connor,United States,"[1950, 1951, 1952]",0,4,3,0,0,0,0,0,No,,1950,0,0.75,0,0,0,0,3,No
George Constantine,United States,[1959],0,1,1,0,0,0,0,0,No,,1960,0,1,0,0,0,0,1,No
John Cordts,Canada,[1969],0,1,1,0,0,0,0,0,No,,1970,0,1,0,0,0,0,1,No
David Coulthard,United Kingdom,"[1994, 1995, 1996, 1997, 1998, 1999, 2000, 2001, 2002, 2003, 2004, 2005, 2006, 2007, 2008]",0,247,246,12,13,62,18,535,No,,2000,0.04858299595,0.995951417,0.05263157895,0.2510121457,0.07287449393,2.165991903,15,No
Piers Courage,United Kingdom,"[1967, 1968, 1969, 1970]",0,29,27,0,0,2,0,20,No,,1970,0,0.9310344828,0,0.06896551724,0,0.6896551724,4,No
Chris Craft,United Kingdom,[1971],0,2,1,0,0,0,0,0,No,,1970,0,0.5,0,0,0,0,1,No
Jim Crawford,United Kingdom,[1975],0,2,2,0,0,0,0,0,No,,1980,0,1,0,0,0,0,1,No
Ray Crawford,United States,"[1955, 1956, 1959]",0,5,3,0,0,0,0,0,No,,1960,0,0.6,0,0,0,0,3,No
Alberto Crespo,Argentina,[1952],0,1,0,0,0,0,0,0,No,,1950,0,0,0,0,0,0,1,No
Antonio Creus,Spain,[1960],0,1,1,0,0,0,0,0,No,,1960,0,1,0,0,0,0,1,No
Larry Crockett,United States,[1954],0,1,1,0,0,0,0,0,No,,1950,0,1,0,0,0,0,1,No
Tony Crook,United Kingdom,"[1952, 1953]",0,2,2,0,0,0,0,0,No,,1950,0,1,0,0,0,0,2,No
Art Cross,United States,"[1952, 1953, 1954, 1955]",0,4,4,0,0,1,0,8,No,,1950,0,1,0,0.25,0,2,4,No
Geoffrey Crossley,United Kingdom,[1950],0,2,2,0,0,0,0,0,No,,1950,0,1,0,0,0,0,1,No
Jérôme d'Ambrosio,Belgium,"[2011, 2012]",0,20,20,0,0,0,0,0,No,,2010,0,1,0,0,0,0,2,No
Chuck Daigh,United States,[1960],0,6,3,0,0,0,0,0,No,,1960,0,0.5,0,0,0,0,1,No
Yannick Dalmas,France,"[1987, 1988, 1989, 1990, 1994]",0,49,24,0,0,0,0,0,No,,1990,0,0.4897959184,0,0,0,0,5,No
Derek Daly,Ireland,"[1978, 1979, 1980, 1981, 1982]",0,64,49,0,0,0,0,15,No,,1980,0,0.765625,0,0,0,0.234375,5,No
Christian Danner,West Germany,"[1985, 1986, 1987, 1989]",0,47,36,0,0,0,0,4,No,,1990,0,0.7659574468,0,0,0,0.08510638298,4,No
Jorge Daponte,Argentina,[1954],0,2,2,0,0,0,0,0,No,,1950,0,1,0,0,0,0,1,No
Anthony Davidson,United Kingdom,"[2002, 2005, 2007, 2008]",0,24,24,0,0,0,0,0,No,,2010,0,1,0,0,0,0,4,No
Jimmy Davies,United States,"[1950, 1951, 1953, 1954, 1955]",0,8,5,0,0,1,0,4,No,,1950,0,0.625,0,0.125,0,0.5,5,No
Colin Davis,United Kingdom,[1959],0,2,2,0,0,0,0,0,No,,1960,0,1,0,0,0,0,1,No
Jimmy Daywalt,United States,"[1953, 1954, 1955, 1956, 1957, 1959]",0,10,6,0,0,0,0,0,No,,1960,0,0.6,0,0,0,0,6,No
Jean-Denis Délétraz,Switzerland,"[1994, 1995]",0,3,3,0,0,0,0,0,No,,1990,0,1,0,0,0,0,2,No
Patrick Depailler,France,"[1972, 1974, 1975, 1976, 1977, 1978, 1979, 1980]",0,95,95,1,2,19,4,139,No,,1980,0.01052631579,1,0.02105263158,0.2,0.04210526316,1.463157895,8,No
Pedro Diniz,Brazil,"[1995, 1996, 1997, 1998, 1999, 2000]",0,99,98,0,0,0,0,10,No,,2000,0,0.9898989899,0,0,0,0.101010101,6,No
Duke Dinsmore,United States,"[1950, 1951, 1953, 1956]",0,6,4,0,0,0,0,0,No,,1950,0,0.6666666667,0,0,0,0,4,No
Frank Dochnal,United States,[1963],0,1,0,0,0,0,0,0,No,,1960,0,0,0,0,0,0,1,No
José Dolhem,France,[1974],0,3,1,0,0,0,0,0,No,,1970,0,0.3333333333,0,0,0,0,1,No
Martin Donnelly,United Kingdom,"[1989, 1990]",0,15,13,0,0,0,0,0,No,,1990,0,0.8666666667,0,0,0,0,2,No
Mark Donohue,United States,"[1971, 1974, 1975]",0,16,14,0,0,1,0,8,No,,1970,0,0.875,0,0.0625,0,0.5,3,No
Robert Doornbos,Monaco Netherlands,"[2005, 2006]",0,11,11,0,0,0,0,0,No,,2010,0,1,0,0,0,0,2,No
Ken Downing,United Kingdom,[1952],0,2,2,0,0,0,0,0,No,,1950,0,1,0,0,0,0,1,No
Bob Drake,United States,[1960],0,1,1,0,0,0,0,0,No,,1960,0,1,0,0,0,0,1,No
Paddy Driver,South Africa,"[1963, 1974]",0,2,1,0,0,0,0,0,No,,1970,0,0.5,0,0,0,0,2,No
Piero Drogo,Italy,[1960],0,1,1,0,0,0,0,0,No,,1960,0,1,0,0,0,0,1,No
Bernard de Dryver,Belgium,"[1977, 1978]",0,2,0,0,0,0,0,0,No,,1980,0,0,0,0,0,0,2,No
Johnny Dumfries,United Kingdom,[1986],0,16,15,0,0,0,0,3,No,,1990,0,0.9375,0,0,0,0.1875,1,No
Geoff Duke,United Kingdom,[1961],0,1,0,0,0,0,0,0,No,,1960,0,0,0,0,0,0,1,No
Len Duncan,United States,[1954],0,4,1,0,0,0,0,0,No,,1950,0,0.25,0,0,0,0,1,No
Piero Dusio,Italy,[1952],0,1,0,0,0,0,0,0,No,,1950,0,0,0,0,0,0,1,No
George Eaton,Canada,"[1969, 1970, 1971]",0,13,11,0,0,0,0,0,No,,1970,0,0.8461538462,0,0,0,0,3,No
Bernie Ecclestone,United Kingdom,[1958],0,2,0,0,0,0,0,0,No,,1960,0,0,0,0,0,0,1,No
Don Edmunds,United States,[1957],0,2,1,0,0,0,0,0,No,,1960,0,0.5,0,0,0,0,1,No
Guy Edwards,United Kingdom,"[1974, 1976, 1977]",0,17,11,0,0,0,0,0,No,,1980,0,0.6470588235,0,0,0,0,3,No
Vic Elford,United Kingdom,"[1968, 1969, 1971]",0,13,13,0,0,0,0,8,No,,1970,0,1,0,0,0,0.6153846154,3,No
Ed Elisian,United States,"[1954, 1955, 1956, 1957, 1958]",0,5,5,0,0,0,0,0,No,,1960,0,1,0,0,0,0,5,No
Paul Emery,United Kingdom,"[1956, 1958]",0,2,1,0,0,0,0,0,No,,1960,0,0.5,0,0,0,0,2,No
Tomáš Enge,Czech Republic,[2001],0,3,3,0,0,0,0,0,No,,2000,0,1,0,0,0,0,1,No
Paul England,Australia,[1957],0,1,1,0,0,0,0,0,No,,1960,0,1,0,0,0,0,1,No
Marcus Ericsson,Sweden,"[2014, 2015, 2016, 2017, 2018]",0,97,97,0,0,0,0,18,No,,2020,0,1,0,0,0,0.1855670103,5,No
Harald Ertl,Austria,"[1975, 1976, 1977, 1978, 1980]",0,28,19,0,0,0,0,0,No,,1980,0,0.6785714286,0,0,0,0,5,No
Nasif Estéfano,Argentina,"[1960, 1962]",0,2,1,0,0,0,0,0,No,,1960,0,0.5,0,0,0,0,2,No
Philippe Étancelin,France,"[1950, 1951, 1952]",0,12,12,0,0,0,0,3,No,,1950,0,1,0,0,0,0.25,3,No
Bob Evans,United Kingdom,"[1975, 1976]",0,12,10,0,0,0,0,0,No,,1980,0,0.8333333333,0,0,0,0,2,No
Corrado Fabi,Italy,"[1983, 1984]",0,18,12,0,0,0,0,0,No,,1980,0,0.6666666667,0,0,0,0,2,No
Teo Fabi,Italy,"[1982, 1984, 1985, 1986, 1987]",0,71,64,3,0,2,2,23,No,,1980,0.04225352113,0.9014084507,0,0.02816901408,0.02816901408,0.323943662,5,No
Pascal Fabre,France,[1987],0,14,11,0,0,0,0,0,No,,1990,0,0.7857142857,0,0,0,0,1,No
Carlo Facetti,Italy,[1974],0,1,0,0,0,0,0,0,No,,1970,0,0,0,0,0,0,1,No
Luigi Fagioli,Italy,"[1950, 1951]",0,7,7,0,1,6,0,28,No,,1950,0,1,0.1428571429,0.8571428571,0,4,2,No
Jack Fairman,United Kingdom,"[1953, 1955, 1956, 1957, 1958, 1959, 1960, 1961]",0,13,12,0,0,0,0,5,No,,1960,0,0.9230769231,0,0,0,0.3846153846,8,No
Juan Manuel Fangio,Argentina,"[1950, 1951, 1953, 1954, 1955, 1956, 1957, 1958]",5,52,51,29,24,35,23,245,No,"[1951, 1954, 1955, 1956, 1957]",1950,0.5576923077,0.9807692308,0.4615384615,0.6730769231,0.4423076923,4.711538462,8,Yes
Nino Farina,Italy,"[1950, 1951, 1952, 1953, 1954, 1955]",1,34,33,5,5,20,5,115.33,No,[1950],1950,0.1470588235,0.9705882353,0.1470588235,0.5882352941,0.1470588235,3.392058824,6,Yes
Walt Faulkner,United States,"[1950, 1951, 1953, 1954, 1955]",0,6,5,1,0,0,0,1,No,,1950,0.1666666667,0.8333333333,0,0,0,0.1666666667,5,No
William Ferguson,South Africa,[1972],0,1,0,0,0,0,0,0,No,,1970,0,0,0,0,0,0,1,No
Maria Teresa de Filippis,Italy,"[1958, 1959]",0,5,3,0,0,0,0,0,No,,1960,0,0.6,0,0,0,0,2,No
Ralph Firman,Ireland,[2003],0,15,14,0,0,0,0,1,No,,2000,0,0.9333333333,0,0,0,0.06666666667,1,No
Ludwig Fischer,West Germany,[1952],0,1,0,0,0,0,0,0,No,,1950,0,0,0,0,0,0,1,No
Rudi Fischer,Switzerland,"[1951, 1952]",0,8,7,0,0,2,0,10,No,,1950,0,0.875,0,0.25,0,1.25,2,No
Mike Fisher,United States,[1967],0,2,1,0,0,0,0,0,No,,1970,0,0.5,0,0,0,0,1,No
Giancarlo Fisichella,Italy,"[1996, 1997, 1998, 1999, 2000, 2001, 2002, 2003, 2004, 2005, 2006, 2007, 2008, 2009]",0,231,229,4,3,19,2,275,No,,2000,0.01731601732,0.9913419913,0.01298701299,0.08225108225,0.008658008658,1.19047619,14,No
John Fitch,United States,"[1953, 1955]",0,2,2,0,0,0,0,0,No,,1950,0,1,0,0,0,0,2,No
Christian Fittipaldi,Brazil,"[1992, 1993, 1994]",0,43,40,0,0,0,0,12,No,,1990,0,0.9302325581,0,0,0,0.2790697674,3,No
Emerson Fittipaldi,Brazil,"[1970, 1971, 1972, 1973, 1974, 1975, 1976, 1977, 1978, 1979, 1980]",2,149,144,6,14,35,6,281,No,"[1972, 1974]",1980,0.04026845638,0.966442953,0.09395973154,0.2348993289,0.04026845638,1.88590604,11,Yes
Pietro Fittipaldi,Brazil,[2020],0,2,2,0,0,0,0,0,No,,2020,0,1,0,0,0,0,1,No
Wilson Fittipaldi,Brazil,"[1972, 1973, 1975]",0,38,35,0,0,0,0,3,No,,1970,0,0.9210526316,0,0,0,0.07894736842,3,No
Theo Fitzau,East Germany,[1953],0,1,1,0,0,0,0,0,No,,1950,0,1,0,0,0,0,1,No
Pat Flaherty,United States,"[1950, 1953, 1954, 1955, 1956, 1959]",0,6,6,1,1,1,0,8,No,,1950,0.1666666667,1,0.1666666667,0.1666666667,0,1.333333333,6,No
Jan Flinterman,Netherlands,[1952],0,1,1,0,0,0,0,0,No,,1950,0,1,0,0,0,0,1,No
Ron Flockhart,United Kingdom,"[1954, 1956, 1957, 1958, 1959, 1960]",0,14,14,0,0,1,0,5,No,,1960,0,1,0,0.07142857143,0,0.3571428571,6,No
Myron Fohr,United States,[1950],0,1,1,0,0,0,0,0,No,,1950,0,1,0,0,0,0,1,No
Gregor Foitek,Switzerland,"[1989, 1990]",0,22,7,0,0,0,0,0,No,,1990,0,0.3181818182,0,0,0,0,2,No
George Follmer,United States,[1973],0,13,12,0,0,1,0,5,No,,1970,0,0.9230769231,0,0.07692307692,0,0.3846153846,1,No
George Fonder,United States,"[1952, 1954]",0,5,2,0,0,0,0,0,No,,1950,0,0.4,0,0,0,0,2,No
Norberto Fontana,Argentina,[1997],0,4,4,0,0,0,0,0,No,,2000,0,1,0,0,0,0,1,No
Asdrúbal Fontes Bayardo,Uruguay,[1959],0,1,0,0,0,0,0,0,No,,1960,0,0,0,0,0,0,1,No
Carl Forberg,United States,[1951],0,3,1,0,0,0,0,0,No,,1950,0,0.3333333333,0,0,0,0,1,No
Gene Force,United States,"[1951, 1960]",0,5,2,0,0,0,0,0,No,,1960,0,0.4,0,0,0,0,2,No
Franco Forini,Switzerland,[1987],0,3,2,0,0,0,0,0,No,,1990,0,0.6666666667,0,0,0,0,1,No
Philip Fotheringham-Parker,United Kingdom,[1951],0,1,1,0,0,0,0,0,No,,1950,0,1,0,0,0,0,1,No
A. J. Foyt,United States,"[1958, 1959, 1960]",0,3,3,0,0,0,0,0,No,,1960,0,1,0,0,0,0,3,No
Giorgio Francia,Italy,"[1977, 1981]",0,2,0,0,0,0,0,0,No,,1980,0,0,0,0,0,0,2,No
Don Freeland,United States,"[1953, 1954, 1955, 1956, 1957, 1958, 1959, 1960]",0,8,8,0,0,1,0,4,No,,1960,0,1,0,0.125,0,0.5,8,No
Heinz-Harald Frentzen,Germany,"[1994, 1995, 1996, 1997, 1998, 1999, 2000, 2001, 2002, 2003]",0,160,156,2,3,18,6,174,No,,2000,0.0125,0.975,0.01875,0.1125,0.0375,1.0875,10,No
Paul Frère,Belgium,"[1952, 1953, 1954, 1955, 1956]",0,11,11,0,0,1,0,11,No,,1950,0,1,0,0.09090909091,0,1,5,No
Patrick Friesacher,Austria,[2005],0,11,11,0,0,0,0,3,No,,2000,0,1,0,0,0,0.2727272727,1,No
Joe Fry,United Kingdom,[1950],0,1,1,0,0,0,0,0,No,,1950,0,1,0,0,0,0,1,No
Hiroshi Fushida,Japan,[1975],0,2,0,0,0,0,0,0,No,,1980,0,0,0,0,0,0,1,No
Beppe Gabbiani,Italy,"[1978, 1981]",0,17,3,0,0,0,0,0,No,,1980,0,0.1764705882,0,0,0,0,2,No
Bertrand Gachot,Belgium France,"[1989, 1990, 1991, 1992, 1994, 1995]",0,84,47,0,0,0,1,5,No,,1990,0,0.5595238095,0,0,0.0119047619,0.05952380952,6,No
Patrick Gaillard,France,[1979],0,5,2,0,0,0,0,0,No,,1980,0,0.4,0,0,0,0,1,No
Divina Galica,United Kingdom,"[1976, 1978]",0,3,0,0,0,0,0,0,No,,1980,0,0,0,0,0,0,2,No
Nanni Galli,Italy,"[1970, 1971, 1972, 1973]",0,20,17,0,0,0,0,0,No,,1970,0,0.85,0,0,0,0,4,No
Oscar Alfredo Gálvez,Argentina,[1953],0,1,1,0,0,0,0,2,No,,1950,0,1,0,0,0,2,1,No
Fred Gamble,United States,[1960],0,1,1,0,0,0,0,0,No,,1960,0,1,0,0,0,0,1,No
Howden Ganley,New Zealand,"[1971, 1972, 1973, 1974]",0,41,35,0,0,0,0,10,No,,1970,0,0.8536585366,0,0,0,0.243902439,4,No
Giedo van der Garde,Netherlands,[2013],0,19,19,0,0,0,0,0,No,,2010,0,1,0,0,0,0,1,No
Frank Gardner,Australia,"[1964, 1965, 1968]",0,9,8,0,0,0,0,0,No,,1970,0,0.8888888889,0,0,0,0,3,No
Billy Garrett,United States,"[1956, 1958]",0,3,2,0,0,0,0,0,No,,1960,0,0.6666666667,0,0,0,0,2,No
Jo Gartner,Austria,[1984],0,8,8,0,0,0,0,0,No,,1980,0,1,0,0,0,0,1,No
Pierre Gasly,France,"[2017, 2018, 2019, 2020, 2021, 2022]",0,109,109,0,1,3,3,334,Yes,,2020,0,1,0.009174311927,0.02752293578,0.02752293578,3.064220183,6,No
Tony Gaze,Australia,[1952],0,4,3,0,0,0,0,0,No,,1950,0,0.75,0,0,0,0,1,No
Geki,Italy,"[1964, 1965, 1966]",0,3,2,0,0,0,0,0,No,,1960,0,0.6666666667,0,0,0,0,3,No
Olivier Gendebien,Belgium,"[1956, 1958, 1959, 1960, 1961]",0,15,14,0,0,2,0,18,No,,1960,0,0.9333333333,0,0.1333333333,0,1.2,5,No
Marc Gené,Spain,"[1999, 2000, 2003, 2004]",0,36,36,0,0,0,0,5,No,,2000,0,1,0,0,0,0.1388888889,4,No
Elmer George,United States,[1957],0,3,1,0,0,0,0,0,No,,1960,0,0.3333333333,0,0,0,0,1,No
Bob Gerard,United Kingdom,"[1950, 1951, 1953, 1954, 1956, 1957]",0,8,8,0,0,0,0,0,No,,1950,0,1,0,0,0,0,6,No
Gerino Gerini,Italy,"[1956, 1958]",0,7,6,0,0,0,0,1.5,No,,1960,0,0.8571428571,0,0,0,0.2142857143,2,No
Peter Gethin,United Kingdom,"[1970, 1971, 1972, 1973, 1974]",0,31,30,0,1,1,0,11,No,,1970,0,0.9677419355,0.03225806452,0.03225806452,0,0.3548387097,5,No
Piercarlo Ghinzani,Italy,"[1981, 1983, 1984, 1985, 1986, 1987, 1988, 1989]",0,111,74,0,0,0,0,2,No,,1990,0,0.6666666667,0,0,0,0.01801801802,8,No
Bruno Giacomelli,Italy,"[1977, 1978, 1979, 1980, 1981, 1982, 1983, 1990]",0,82,69,1,0,1,0,14,No,,1980,0.01219512195,0.8414634146,0,0.01219512195,0,0.1707317073,8,No
Dick Gibson,United Kingdom,"[1957, 1958]",0,2,2,0,0,0,0,0,No,,1960,0,1,0,0,0,0,2,No
Gimax,Italy,[1978],0,1,0,0,0,0,0,0,No,,1980,0,0,0,0,0,0,1,No
Richie Ginther,United States,"[1960, 1961, 1962, 1963, 1964, 1965, 1966, 1967]",0,54,52,0,1,14,3,102,No,,1960,0,0.962962963,0.01851851852,0.2592592593,0.05555555556,1.888888889,8,No
Antonio Giovinazzi,Italy,"[2017, 2019, 2020, 2021]",0,62,62,0,0,0,0,21,No,,2020,0,1,0,0,0,0.3387096774,4,No
Yves Giraud-Cabantous,France,"[1950, 1951, 1952, 1953]",0,13,13,0,0,0,0,5,No,,1950,0,1,0,0,0,0.3846153846,4,No
Ignazio Giunti,Italy,[1970],0,4,4,0,0,0,0,3,No,,1970,0,1,0,0,0,0.75,1,No
Timo Glock,Germany,"[2004, 2008, 2009, 2010, 2011, 2012]",0,95,91,0,0,3,1,51,No,,2010,0,0.9578947368,0,0.03157894737,0.01052631579,0.5368421053,6,No
Helm Glöckler,West Germany,[1953],0,1,0,0,0,0,0,0,No,,1950,0,0,0,0,0,0,1,No
Paco Godia,Spain,"[1951, 1954, 1956, 1957, 1958]",0,14,13,0,0,0,0,6,No,,1960,0,0.9285714286,0,0,0,0.4285714286,5,No
Carel Godin de Beaufort,Netherlands,"[1957, 1958, 1959, 1960, 1961, 1962, 1963, 1964]",0,31,28,0,0,0,0,4,No,,1960,0,0.9032258065,0,0,0,0.1290322581,8,No
Christian Goethals,Belgium,[1958],0,1,1,0,0,0,0,0,No,,1960,0,1,0,0,0,0,1,No
Paul Goldsmith,United States,"[1958, 1959, 1960]",0,3,3,0,0,1,0,6,No,,1960,0,1,0,0.3333333333,0,2,3,No
José Froilán González,Argentina,"[1950, 1951, 1952, 1953, 1954, 1955, 1956, 1957, 1960]",0,26,26,3,2,15,6,72.14,No,,1950,0.1153846154,1,0.07692307692,0.5769230769,0.2307692308,2.774615385,9,No
Óscar González,Uruguay,[1956],0,1,1,0,0,0,0,0,No,,1960,0,1,0,0,0,0,1,No
Aldo Gordini,France,[1951],0,1,1,0,0,0,0,0,No,,1950,0,1,0,0,0,0,1,No
Horace Gould,United Kingdom,"[1954, 1955, 1956, 1957, 1958, 1960]",0,18,14,0,0,0,0,2,No,,1960,0,0.7777777778,0,0,0,0.1111111111,6,No
Jean-Marc Gounon,France,"[1993, 1994]",0,9,9,0,0,0,0,0,No,,1990,0,1,0,0,0,0,2,No
Emmanuel de Graffenried,Switzerland,"[1950, 1951, 1952, 1953, 1954, 1956]",0,23,22,0,0,0,0,9,No,,1950,0,0.9565217391,0,0,0,0.3913043478,6,No
Lucas di Grassi,Brazil,[2010],0,19,18,0,0,0,0,0,No,,2010,0,0.9473684211,0,0,0,0,1,No
Cecil Green,United States,"[1950, 1951]",0,2,2,0,0,0,0,3,No,,1950,0,1,0,0,0,1.5,2,No
Keith Greene,United Kingdom,"[1959, 1960, 1961, 1962]",0,6,3,0,0,0,0,0,No,,1960,0,0.5,0,0,0,0,4,No
Masten Gregory,United States,"[1957, 1958, 1959, 1960, 1961, 1962, 1963, 1965]",0,43,38,0,0,3,0,21,No,,1960,0,0.8837209302,0,0.06976744186,0,0.488372093,8,No
Cliff Griffith,United States,"[1951, 1952, 1956]",0,7,3,0,0,0,0,0,No,,1950,0,0.4285714286,0,0,0,0,3,No
Georges Grignard,France,[1951],0,1,1,0,0,0,0,0,No,,1950,0,1,0,0,0,0,1,No
Bobby Grim,United States,"[1959, 1960]",0,2,2,0,0,0,0,0,No,,1960,0,1,0,0,0,0,2,No
Romain Grosjean,France,"[2009, 2012, 2013, 2014, 2015, 2016, 2017, 2018, 2019, 2020]",0,181,179,0,0,10,1,391,No,,2020,0,0.9889502762,0,0.05524861878,0.005524861878,2.160220994,10,No
Olivier Grouillard,France,"[1989, 1990, 1991, 1992]",0,62,41,0,0,0,0,1,No,,1990,0,0.6612903226,0,0,0,0.01612903226,4,No
Brian Gubby,United Kingdom,[1965],0,1,0,0,0,0,0,0,No,,1960,0,0,0,0,0,0,1,No
André Guelfi,France,[1958],0,1,1,0,0,0,0,0,No,,1960,0,1,0,0,0,0,1,No
Miguel Ángel Guerra,Argentina,[1981],0,4,1,0,0,0,0,0,No,,1980,0,0.25,0,0,0,0,1,No
Roberto Guerrero,Colombia,"[1982, 1983]",0,29,21,0,0,0,0,0,No,,1980,0,0.724137931,0,0,0,0,2,No
Maurício Gugelmin,Brazil,"[1988, 1989, 1990, 1991, 1992]",0,80,74,0,0,1,1,10,No,,1990,0,0.925,0,0.0125,0.0125,0.125,5,No
Dan Gurney,United States,"[1959, 1960, 1961, 1962, 1963, 1964, 1965, 1966, 1967, 1968, 1970]",0,87,86,3,4,19,6,133,No,,1960,0.03448275862,0.9885057471,0.04597701149,0.2183908046,0.06896551724,1.528735632,11,No
Esteban Gutiérrez,Mexico,"[2013, 2014, 2016]",0,59,59,0,0,0,1,6,No,,2010,0,1,0,0,0.01694915254,0.1016949153,3,No
Hubert Hahne,West Germany,"[1967, 1968, 1970]",0,3,2,0,0,0,0,0,No,,1970,0,0.6666666667,0,0,0,0,3,No
Mike Hailwood,United Kingdom,"[1963, 1964, 1965, 1971, 1972, 1973, 1974]",0,50,50,0,0,2,1,29,No,,1970,0,1,0,0.04,0.02,0.58,7,No
Mika Häkkinen,Finland,"[1991, 1992, 1993, 1994, 1995, 1996, 1997, 1998, 1999, 2000, 2001]",2,165,161,26,20,51,25,420,No,"[1998, 1999]",2000,0.1575757576,0.9757575758,0.1212121212,0.3090909091,0.1515151515,2.545454545,11,Yes
Bruce Halford,United Kingdom,"[1956, 1957, 1959, 1960]",0,9,8,0,0,0,0,0,No,,1960,0,0.8888888889,0,0,0,0,4,No
Jim Hall,United States,"[1960, 1961, 1962, 1963]",0,12,11,0,0,0,0,3,No,,1960,0,0.9166666667,0,0,0,0.25,4,No
Duncan Hamilton,United Kingdom,"[1951, 1952, 1953]",0,5,5,0,0,0,0,0,No,,1950,0,1,0,0,0,0,3,No
Lewis Hamilton,United Kingdom,"[2007, 2008, 2009, 2010, 2011, 2012, 2013, 2014, 2015, 2016, 2017, 2018, 2019, 2020, 2021, 2022]",7,311,311,103,103,191,61,4415.5,Yes,"[2008, 2014, 2015, 2017, 2018, 2019, 2020]",2010,0.3311897106,1,0.3311897106,0.61414791,0.1961414791,14.1977492,16,Yes
David Hampshire,United Kingdom,[1950],0,2,2,0,0,0,0,0,No,,1950,0,1,0,0,0,0,1,No
Sam Hanks,United States,"[1950, 1951, 1952, 1953, 1954, 1955, 1956, 1957]",0,8,8,0,1,4,0,20,No,,1950,0,1,0.125,0.5,0,2.5,8,No
Walt Hansgen,United States,"[1961, 1964]",0,2,2,0,0,0,0,2,No,,1960,0,1,0,0,0,1,2,No
Mike Harris,South Africa,[1962],0,1,1,0,0,0,0,0,No,,1960,0,1,0,0,0,0,1,No
Cuth Harrison,United Kingdom,[1950],0,3,3,0,0,0,0,0,No,,1950,0,1,0,0,0,0,1,No
Brian Hart,United Kingdom,[1967],0,1,0,0,0,0,0,0,No,,1970,0,0,0,0,0,0,1,No
Brendon Hartley,New Zealand,"[2017, 2018]",0,25,25,0,0,0,0,4,No,,2020,0,1,0,0,0,0.16,2,No
Gene Hartley,United States,"[1950, 1952, 1953, 1954, 1955, 1956, 1957, 1958, 1959, 1960]",0,10,8,0,0,0,0,0,No,,1960,0,0.8,0,0,0,0,10,No
Rio Haryanto,Indonesia,[2016],0,12,12,0,0,0,0,0,No,,2020,0,1,0,0,0,0,1,No
Masahiro Hasemi,Japan,[1976],0,1,1,0,0,0,0,0,No,,1980,0,1,0,0,0,0,1,No
Naoki Hattori,Japan,[1991],0,2,0,0,0,0,0,0,No,,1990,0,0,0,0,0,0,1,No
Paul Hawkins,Australia,[1965],0,3,3,0,0,0,0,0,No,,1960,0,1,0,0,0,0,1,No
Mike Hawthorn,United Kingdom,"[1952, 1953, 1954, 1955, 1956, 1957, 1958]",1,47,45,4,3,18,6,112.64,No,[1958],1960,0.08510638298,0.9574468085,0.06382978723,0.3829787234,0.1276595745,2.396595745,7,Yes
Boy Hayje,Netherlands,"[1976, 1977]",0,7,3,0,0,0,0,0,No,,1980,0,0.4285714286,0,0,0,0,2,No
Willi Heeks,West Germany,"[1952, 1953]",0,2,2,0,0,0,0,0,No,,1950,0,1,0,0,0,0,2,No
Nick Heidfeld,Germany,"[2000, 2001, 2002, 2003, 2004, 2005, 2006, 2007, 2008, 2009, 2010, 2011]",0,185,183,1,0,13,2,259,No,,2010,0.005405405405,0.9891891892,0,0.07027027027,0.01081081081,1.4,12,No
Theo Helfrich,West Germany,"[1952, 1953, 1954]",0,3,3,0,0,0,0,0,No,,1950,0,1,0,0,0,0,3,No
Mack Hellings,United States,"[1950, 1951]",0,2,2,0,0,0,0,0,No,,1950,0,1,0,0,0,0,2,No
Brian Henton,United Kingdom,"[1975, 1977, 1981, 1982]",0,37,19,0,0,0,1,0,No,,1980,0,0.5135135135,0,0,0.02702702703,0,4,No
Johnny Herbert,United Kingdom,"[1989, 1990, 1991, 1992, 1993, 1994, 1995, 1996, 1997, 1998, 1999, 2000]",0,165,160,0,3,7,0,98,No,,1990,0,0.9696969697,0.01818181818,0.04242424242,0,0.5939393939,12,No
Al Herman,United States,"[1955, 1956, 1957, 1959, 1960]",0,8,5,0,0,0,0,0,No,,1960,0,0.625,0,0,0,0,5,No
Hans Herrmann,West Germany,"[1953, 1954, 1955, 1957, 1958, 1959, 1960, 1961]",0,19,17,0,0,1,1,10,No,,1960,0,0.8947368421,0,0.05263157895,0.05263157895,0.5263157895,8,No
François Hesnault,France,"[1984, 1985]",0,21,19,0,0,0,0,0,No,,1980,0,0.9047619048,0,0,0,0,2,No
Hans Heyer,West Germany,[1977],0,1,1,0,0,0,0,0,No,,1980,0,1,0,0,0,0,1,No
Damon Hill,United Kingdom,"[1992, 1993, 1994, 1995, 1996, 1997, 1998, 1999]",1,122,115,20,22,42,19,360,No,[1996],2000,0.1639344262,0.9426229508,0.1803278689,0.3442622951,0.1557377049,2.950819672,8,Yes
Graham Hill,United Kingdom,"[1958, 1959, 1960, 1961, 1962, 1963, 1964, 1965, 1966, 1967, 1968, 1969, 1970, 1971, 1972, 1973, 1974, 1975]",2,179,176,13,14,36,10,270,No,"[1962, 1968]",1970,0.07262569832,0.9832402235,0.0782122905,0.2011173184,0.05586592179,1.508379888,18,Yes
Phil Hill,United States,"[1958, 1959, 1960, 1961, 1962, 1963, 1964, 1966]",1,52,49,6,3,16,6,94,No,[1961],1960,0.1153846154,0.9423076923,0.05769230769,0.3076923077,0.1153846154,1.807692308,8,Yes
Peter Hirt,Switzerland,"[1951, 1952, 1953]",0,5,5,0,0,0,0,0,No,,1950,0,1,0,0,0,0,3,No
David Hobbs,United Kingdom,"[1967, 1968, 1971, 1974]",0,7,7,0,0,0,0,0,No,,1970,0,1,0,0,0,0,4,No
Gary Hocking,Rhodesia and Nyasaland,[1962],0,1,0,0,0,0,0,0,No,,1960,0,0,0,0,0,0,1,No
Ingo Hoffmann,Brazil,"[1976, 1977]",0,6,3,0,0,0,0,0,No,,1980,0,0.5,0,0,0,0,2,No
Bill Holland,United States,"[1950, 1953]",0,3,2,0,0,1,0,6,No,,1950,0,0.6666666667,0,0.3333333333,0,2,2,No
Jackie Holmes,United States,"[1950, 1953]",0,4,2,0,0,0,0,0,No,,1950,0,0.5,0,0,0,0,2,No
Bill Homeier,United States,"[1954, 1955, 1960]",0,6,3,0,0,0,0,1,No,,1960,0,0.5,0,0,0,0.1666666667,3,No
Kazuyoshi Hoshino,Japan,"[1976, 1977]",0,2,2,0,0,0,0,0,No,,1980,0,1,0,0,0,0,2,No
Jerry Hoyt,United States,"[1950, 1953, 1954, 1955]",0,4,4,1,0,0,0,0,No,,1950,0.25,1,0,0,0,0,4,No
Nico Hülkenberg,Germany,"[2010, 2012, 2013, 2014, 2015, 2016, 2017, 2018, 2019, 2020, 2022]",0,185,182,1,0,0,2,521,Yes,,2020,0.005405405405,0.9837837838,0,0,0.01081081081,2.816216216,11,No
Denny Hulme,New Zealand,"[1965, 1966, 1967, 1968, 1969, 1970, 1971, 1972, 1973, 1974]",1,112,112,1,8,33,9,248,No,[1967],1970,0.008928571429,1,0.07142857143,0.2946428571,0.08035714286,2.214285714,10,Yes
James Hunt,United Kingdom,"[1973, 1974, 1975, 1976, 1977, 1978, 1979]",1,93,92,14,10,23,8,179,No,[1976],1980,0.1505376344,0.9892473118,0.1075268817,0.247311828,0.08602150538,1.924731183,7,Yes
Jim Hurtubise,United States,[1960],0,1,1,0,0,0,0,0,No,,1960,0,1,0,0,0,0,1,No
Gus Hutchison,United States,[1970],0,1,1,0,0,0,0,0,No,,1970,0,1,0,0,0,0,1,No
Jacky Ickx,Belgium,"[1967, 1968, 1969, 1970, 1971, 1972, 1973, 1974, 1975, 1976, 1977, 1978, 1979]",0,120,114,13,8,25,14,181,No,,1970,0.1083333333,0.95,0.06666666667,0.2083333333,0.1166666667,1.508333333,13,No
Yuji Ide,Japan,[2006],0,4,4,0,0,0,0,0,No,,2010,0,1,0,0,0,0,1,No
Jesús Iglesias,Argentina,[1955],0,1,1,0,0,0,0,0,No,,1960,0,1,0,0,0,0,1,No
Taki Inoue,Japan,"[1994, 1995]",0,18,18,0,0,0,0,0,No,,1990,0,1,0,0,0,0,2,No
Innes Ireland,United Kingdom,"[1959, 1960, 1961, 1962, 1963, 1964, 1965, 1966]",0,53,50,0,1,4,1,47,No,,1960,0,0.9433962264,0.01886792453,0.07547169811,0.01886792453,0.8867924528,8,No
Eddie Irvine,United Kingdom,"[1993, 1994, 1995, 1996, 1997, 1998, 1999, 2000, 2001, 2002]",0,148,145,0,4,26,1,191,No,,2000,0,0.9797297297,0.02702702703,0.1756756757,0.006756756757,1.290540541,10,No
Chris Irwin,United Kingdom,"[1966, 1967]",0,10,10,0,0,0,0,2,No,,1970,0,1,0,0,0,0.2,2,No
Jean-Pierre Jabouille,France,"[1974, 1975, 1977, 1978, 1979, 1980, 1981]",0,55,49,6,2,2,0,21,No,,1980,0.1090909091,0.8909090909,0.03636363636,0.03636363636,0,0.3818181818,7,No
Jimmy Jackson,United States,"[1950, 1954]",0,3,2,0,0,0,0,0,No,,1950,0,0.6666666667,0,0,0,0,2,No
Joe James,United States,"[1951, 1952]",0,3,2,0,0,0,0,0,No,,1950,0,0.6666666667,0,0,0,0,2,No
John James,United Kingdom,[1951],0,1,1,0,0,0,0,0,No,,1950,0,1,0,0,0,0,1,No
Jean-Pierre Jarier,France,"[1971, 1973, 1974, 1975, 1976, 1977, 1978, 1979, 1980, 1981, 1982, 1983]",0,143,135,3,0,3,3,31.5,No,,1980,0.02097902098,0.9440559441,0,0.02097902098,0.02097902098,0.2202797203,12,No
Max Jean[w],France,[1971],0,1,1,0,0,0,0,0,No,,1970,0,1,0,0,0,0,1,No
Stefan Johansson,Sweden,"[1980, 1983, 1984, 1985, 1986, 1987, 1988, 1989, 1990, 1991]",0,103,79,0,0,12,0,88,No,,1990,0,0.7669902913,0,0.1165048544,0,0.854368932,10,No
Eddie Johnson,United States,"[1952, 1953, 1954, 1955, 1956, 1957, 1958, 1959, 1960]",0,9,9,0,0,0,0,1,No,,1960,0,1,0,0,0,0.1111111111,9,No
Leslie Johnson,United Kingdom,[1950],0,1,1,0,0,0,0,0,No,,1950,0,1,0,0,0,0,1,No
Bruce Johnstone,South Africa,[1962],0,1,1,0,0,0,0,0,No,,1960,0,1,0,0,0,0,1,No
Alan Jones,Australia,"[1975, 1976, 1977, 1978, 1979, 1980, 1981, 1983, 1985, 1986]",1,117,116,6,12,24,13,199,No,[1980],1980,0.05128205128,0.9914529915,0.1025641026,0.2051282051,0.1111111111,1.700854701,10,Yes
Tom Jones,United States,[1967],0,1,0,0,0,0,0,0,No,,1970,0,0,0,0,0,0,1,No
Juan Jover,Spain,[1951],0,1,0,0,0,0,0,0,No,,1950,0,0,0,0,0,0,1,No
Oswald Karch,West Germany,[1953],0,1,1,0,0,0,0,0,No,,1950,0,1,0,0,0,0,1,No
Narain Karthikeyan,India,"[2005, 2011, 2012]",0,48,46,0,0,0,0,5,No,,2010,0,0.9583333333,0,0,0,0.1041666667,3,No
Ukyo Katayama,Japan,"[1992, 1993, 1994, 1995, 1996, 1997]",0,97,95,0,0,0,0,5,No,,1990,0,0.9793814433,0,0,0,0.05154639175,6,No
Ken Kavanagh,Australia,[1958],0,2,0,0,0,0,0,0,No,,1960,0,0,0,0,0,0,1,No
Rupert Keegan,United Kingdom,"[1977, 1978, 1980, 1982]",0,37,25,0,0,0,0,0,No,,1980,0,0.6756756757,0,0,0,0,4,No
Eddie Keizan,South Africa,"[1973, 1974, 1975]",0,3,3,0,0,0,0,0,No,,1970,0,1,0,0,0,0,3,No
Al Keller,United States,"[1955, 1956, 1957, 1958, 1959]",0,6,5,0,0,0,0,0,No,,1960,0,0.8333333333,0,0,0,0,5,No
Joe Kelly,Ireland,"[1950, 1951]",0,2,2,0,0,0,0,0,No,,1950,0,1,0,0,0,0,2,No
David Kennedy,Ireland,[1980],0,7,0,0,0,0,0,0,No,,1980,0,0,0,0,0,0,1,No
Loris Kessel,Switzerland,"[1976, 1977]",0,6,3,0,0,0,0,0,No,,1980,0,0.5,0,0,0,0,2,No
Bruce Kessler,United States,[1958],0,1,0,0,0,0,0,0,No,,1960,0,0,0,0,0,0,1,No
Nicolas Kiesa,Denmark,[2003],0,5,5,0,0,0,0,0,No,,2000,0,1,0,0,0,0,1,No
Leo Kinnunen,Finland,[1974],0,6,1,0,0,0,0,0,No,,1970,0,0.1666666667,0,0,0,0,1,No
Danny Kladis,United States,[1954],0,5,1,0,0,0,0,0,No,,1950,0,0.2,0,0,0,0,1,No
Hans Klenk,West Germany,[1952],0,1,1,0,0,0,0,0,No,,1950,0,1,0,0,0,0,1,No
Peter de Klerk,South Africa,"[1963, 1965, 1969, 1970]",0,4,4,0,0,0,0,0,No,,1970,0,1,0,0,0,0,4,No
Christian Klien,Austria,"[2004, 2005, 2006, 2010]",0,51,49,0,0,0,0,14,No,,2010,0,0.9607843137,0,0,0,0.2745098039,4,No
Karl Kling,West Germany,"[1954, 1955]",0,11,11,0,0,2,1,17,No,,1950,0,1,0,0.1818181818,0.09090909091,1.545454545,2,No
Ernst Klodwig,East Germany,"[1952, 1953]",0,2,2,0,0,0,0,0,No,,1950,0,1,0,0,0,0,2,No
Kamui Kobayashi,Japan,"[2009, 2010, 2011, 2012, 2014]",0,76,75,0,0,1,1,125,No,,2010,0,0.9868421053,0,0.01315789474,0.01315789474,1.644736842,5,No
Helmuth Koinigg,Austria,[1974],0,3,2,0,0,0,0,0,No,,1970,0,0.6666666667,0,0,0,0,1,No
Heikki Kovalainen,Finland,"[2007, 2008, 2009, 2010, 2011, 2012, 2013]",0,112,111,1,1,4,2,105,No,,2010,0.008928571429,0.9910714286,0.008928571429,0.03571428571,0.01785714286,0.9375,7,No
Mikko Kozarowitzky,Finland,[1977],0,2,0,0,0,0,0,0,No,,1980,0,0,0,0,0,0,1,No
Willi Krakau,West Germany,[1952],0,1,0,0,0,0,0,0,No,,1950,0,0,0,0,0,0,1,No
Rudolf Krause,East Germany,"[1952, 1953]",0,2,2,0,0,0,0,0,No,,1950,0,1,0,0,0,0,2,No
Robert Kubica,Poland,"[2006, 2007, 2008, 2009, 2010, 2019, 2021]",0,99,99,1,1,12,1,274,No,,2010,0.0101010101,1,0.0101010101,0.1212121212,0.0101010101,2.767676768,7,No
Kurt Kuhnke,West Germany,[1963],0,1,0,0,0,0,0,0,No,,1960,0,0,0,0,0,0,1,No
Masami Kuwashima,Japan,[1976],0,1,0,0,0,0,0,0,No,,1980,0,0,0,0,0,0,1,No
Daniil Kvyat,Russia,"[2014, 2015, 2016, 2017, 2019, 2020]",0,112,110,0,0,3,1,202,No,,2020,0,0.9821428571,0,0.02678571429,0.008928571429,1.803571429,6,No
Robert La Caze,Morocco,[1958],0,1,1,0,0,0,0,0,No,,1960,0,1,0,0,0,0,1,No
Jacques Laffite,France,"[1974, 1975, 1976, 1977, 1978, 1979, 1980, 1981, 1982, 1983, 1984, 1985, 1986]",0,180,176,7,6,32,7,228,No,,1980,0.03888888889,0.9777777778,0.03333333333,0.1777777778,0.03888888889,1.266666667,13,No
Franck Lagorce,France,[1994],0,2,2,0,0,0,0,0,No,,1990,0,1,0,0,0,0,1,No
Jan Lammers,Netherlands,"[1979, 1980, 1981, 1982, 1992]",0,41,23,0,0,0,0,0,No,,1980,0,0.5609756098,0,0,0,0,5,No
Pedro Lamy,Portugal,"[1993, 1994, 1995, 1996]",0,32,32,0,0,0,0,1,No,,1990,0,1,0,0,0,0.03125,4,No
Chico Landi,Brazil,"[1951, 1952, 1953, 1956]",0,6,6,0,0,0,0,1.5,No,,1950,0,1,0,0,0,0.25,4,No
Hermann Lang,West Germany,"[1953, 1954]",0,2,2,0,0,0,0,2,No,,1950,0,1,0,0,0,1,2,No
Claudio Langes,Italy,[1990],0,14,0,0,0,0,0,0,No,,1990,0,0,0,0,0,0,1,No
Nicola Larini,Italy,"[1987, 1988, 1989, 1990, 1991, 1992, 1994, 1997]",0,75,49,0,0,1,0,7,No,,1990,0,0.6533333333,0,0.01333333333,0,0.09333333333,8,No
Oscar Larrauri,Argentina,"[1988, 1989]",0,21,8,0,0,0,0,0,No,,1990,0,0.380952381,0,0,0,0,2,No
Gérard Larrousse,France,[1974],0,2,1,0,0,0,0,0,No,,1970,0,0.5,0,0,0,0,1,No
Jud Larson,United States,"[1958, 1959]",0,5,2,0,0,0,0,0,No,,1960,0,0.4,0,0,0,0,2,No
Nicholas Latifi,Canada,"[2020, 2021, 2022]",0,61,61,0,0,0,0,9,No,,2020,0,1,0,0,0,0.1475409836,3,No
Niki Lauda,Austria,"[1971, 1972, 1973, 1974, 1975, 1976, 1977, 1978, 1979, 1982, 1983, 1984, 1985]",3,177,171,24,25,54,24,420.5,No,"[1975, 1977, 1984]",1980,0.1355932203,0.9661016949,0.1412429379,0.3050847458,0.1355932203,2.375706215,13,Yes
Roger Laurent,Belgium,[1952],0,2,2,0,0,0,0,0,No,,1950,0,1,0,0,0,0,1,No
Giovanni Lavaggi,Italy,"[1995, 1996]",0,10,7,0,0,0,0,0,No,,2000,0,0.7,0,0,0,0,2,No
Chris Lawrence,United Kingdom,[1966],0,2,2,0,0,0,0,0,No,,1970,0,1,0,0,0,0,1,No
Charles Leclerc,Monaco,"[2018, 2019, 2020, 2021, 2022]",0,104,103,18,5,24,7,868,Yes,,2020,0.1730769231,0.9903846154,0.04807692308,0.2307692308,0.06730769231,8.346153846,5,No
Michel Leclère,France,"[1975, 1976]",0,8,7,0,0,0,0,0,No,,1980,0,0.875,0,0,0,0,2,No
Neville Lederle,South Africa,"[1962, 1965]",0,2,1,0,0,0,0,1,No,,1960,0,0.5,0,0,0,0.5,2,No
Geoff Lees,United Kingdom,"[1978, 1979, 1980, 1982]",0,12,5,0,0,0,0,0,No,,1980,0,0.4166666667,0,0,0,0,4,No
Gijs van Lennep,Netherlands,"[1971, 1973, 1974, 1975]",0,10,8,0,0,0,0,2,No,,1970,0,0.8,0,0,0,0.2,4,No
Arthur Legat,Belgium,"[1952, 1953]",0,2,2,0,0,0,0,0,No,,1950,0,1,0,0,0,0,2,No
JJ Lehto,Finland,"[1989, 1990, 1991, 1992, 1993, 1994]",0,70,62,0,0,1,0,10,No,,1990,0,0.8857142857,0,0.01428571429,0,0.1428571429,6,No
Lamberto Leoni,Italy,"[1977, 1978]",0,5,1,0,0,0,0,0,No,,1980,0,0.2,0,0,0,0,2,No
Les Leston,United Kingdom,"[1956, 1957]",0,3,2,0,0,0,0,0,No,,1960,0,0.6666666667,0,0,0,0,2,No
Pierre Levegh,France,"[1950, 1951]",0,6,6,0,0,0,0,0,No,,1950,0,1,0,0,0,0,2,No
Bayliss Levrett,United States,[1950],0,3,1,0,0,0,0,0,No,,1950,0,0.3333333333,0,0,0,0,1,No
Jackie Lewis,United Kingdom,"[1961, 1962]",0,10,9,0,0,0,0,3,No,,1960,0,0.9,0,0,0,0.3,2,No
Stuart Lewis-Evans,United Kingdom,"[1957, 1958]",0,14,14,2,0,2,0,16,No,,1960,0.1428571429,1,0,0.1428571429,0,1.142857143,2,No
Guy Ligier,France,"[1966, 1967]",0,13,12,0,0,0,0,1,No,,1970,0,0.9230769231,0,0,0,0.07692307692,2,No
Andy Linden,United States,"[1951, 1952, 1953, 1954, 1955, 1956, 1957]",0,8,7,0,0,0,0,5,No,,1950,0,0.875,0,0,0,0.625,7,No
Roberto Lippi,Italy,"[1961, 1962, 1963]",0,3,1,0,0,0,0,0,No,,1960,0,0.3333333333,0,0,0,0,3,No
Vitantonio Liuzzi,Italy,"[2005, 2006, 2007, 2009, 2010, 2011]",0,81,80,0,0,0,0,26,No,,2010,0,0.987654321,0,0,0,0.3209876543,6,No
Dries van der Lof,Netherlands,[1952],0,1,1,0,0,0,0,0,No,,1950,0,1,0,0,0,0,1,No
Lella Lombardi,Italy,"[1974, 1975, 1976]",0,17,12,0,0,0,0,0.5,No,,1980,0,0.7058823529,0,0,0,0.02941176471,3,No
Ricardo Londoño,Colombia,[1981],0,1,0,0,0,0,0,0,No,,1980,0,0,0,0,0,0,1,No
Ernst Loof,West Germany,[1953],0,1,1,0,0,0,0,0,No,,1950,0,1,0,0,0,0,1,No
André Lotterer,Germany,[2014],0,1,1,0,0,0,0,0,No,,2010,0,1,0,0,0,0,1,No
Henri Louveau,France,"[1950, 1951]",0,2,2,0,0,0,0,0,No,,1950,0,1,0,0,0,0,2,No
John Love,Rhodesia,"[1962, 1963, 1964, 1965, 1967, 1968, 1969, 1970, 1971, 1972]",0,10,9,0,0,1,0,6,No,,1970,0,0.9,0,0.1,0,0.6,10,No
Pete Lovely,United States,"[1959, 1960, 1969, 1970, 1971]",0,11,7,0,0,0,0,0,No,,1970,0,0.6363636364,0,0,0,0,5,No
Roger Loyer,France,[1954],0,1,1,0,0,0,0,0,No,,1950,0,1,0,0,0,0,1,No
Jean Lucas,France,[1955],0,1,1,0,0,0,0,0,No,,1960,0,1,0,0,0,0,1,No
Jean Lucienbonnet,France,[1959],0,1,0,0,0,0,0,0,No,,1960,0,0,0,0,0,0,1,No
Erik Lundgren,Sweden,[1951],0,1,0,0,0,0,0,0,No,,1950,0,0,0,0,0,0,1,No
Brett Lunger,United States,"[1975, 1976, 1977, 1978]",0,43,34,0,0,0,0,0,No,,1980,0,0.7906976744,0,0,0,0,4,No
Mike MacDowel,United Kingdom,[1957],0,1,1,0,0,0,0,0,No,,1960,0,1,0,0,0,0,1,No
Herbert MacKay-Fraser,United States,[1957],0,1,1,0,0,0,0,0,No,,1960,0,1,0,0,0,0,1,No
Bill Mackey,United States,[1951],0,1,1,0,0,0,0,0,No,,1950,0,1,0,0,0,0,1,No
Lance Macklin,United Kingdom,"[1952, 1953, 1954, 1955]",0,15,13,0,0,0,0,0,No,,1950,0,0.8666666667,0,0,0,0,4,No
Damien Magee,United Kingdom,"[1975, 1976]",0,2,1,0,0,0,0,0,No,,1980,0,0.5,0,0,0,0,2,No
Tony Maggs,South Africa,"[1961, 1962, 1963, 1964, 1965]",0,27,25,0,0,3,0,26,No,,1960,0,0.9259259259,0,0.1111111111,0,0.962962963,5,No
Mike Magill,United States,"[1957, 1958, 1959]",0,4,3,0,0,0,0,0,No,,1960,0,0.75,0,0,0,0,3,No
Umberto Maglioli,Italy,"[1953, 1954, 1955, 1956, 1957]",0,10,10,0,0,2,0,3.33,No,,1960,0,1,0,0.2,0,0.333,5,No
Jan Magnussen,Denmark,"[1995, 1997, 1998]",0,25,24,0,0,0,0,1,No,,2000,0,0.96,0,0,0,0.04,3,No
Kevin Magnussen,Denmark,"[2014, 2015, 2016, 2017, 2018, 2019, 2020, 2022]",0,143,142,1,0,1,2,183,Yes,,2020,0.006993006993,0.993006993,0,0.006993006993,0.01398601399,1.27972028,8,No
Guy Mairesse,France,"[1950, 1951]",0,3,3,0,0,0,0,0,No,,1950,0,1,0,0,0,0,2,No
Willy Mairesse,Belgium,"[1960, 1961, 1962, 1963, 1965]",0,13,12,0,0,1,0,7,No,,1960,0,0.9230769231,0,0.07692307692,0,0.5384615385,5,No
Pastor Maldonado,Venezuela,"[2011, 2012, 2013, 2014, 2015]",0,96,95,1,1,1,0,76,No,,2010,0.01041666667,0.9895833333,0.01041666667,0.01041666667,0,0.7916666667,5,No
Nigel Mansell,United Kingdom,"[1980, 1981, 1982, 1983, 1984, 1985, 1986, 1987, 1988, 1989, 1990, 1991, 1992, 1994, 1995]",1,191,187,32,31,59,30,480,No,[1992],1990,0.167539267,0.9790575916,0.1623036649,0.3089005236,0.1570680628,2.513089005,15,Yes
Sergio Mantovani,Italy,"[1953, 1954, 1955]",0,8,7,0,0,0,0,4,No,,1950,0,0.875,0,0,0,0.5,3,No
Johnny Mantz,United States,[1953],0,1,0,0,0,0,0,0,No,,1950,0,0,0,0,0,0,1,No
Robert Manzon,France,"[1950, 1951, 1952, 1953, 1954, 1955, 1956]",0,29,28,0,0,2,0,16,No,,1950,0,0.9655172414,0,0.06896551724,0,0.5517241379,7,No
Onofre Marimón,Argentina,"[1951, 1953, 1954]",0,12,11,0,0,2,1,8.14,No,,1950,0,0.9166666667,0,0.1666666667,0.08333333333,0.6783333333,3,No
Helmut Marko,Austria,"[1971, 1972]",0,10,10,0,0,0,0,0,No,,1970,0,1,0,0,0,0,2,No
Tarso Marques,Brazil,"[1996, 1997, 2001]",0,26,24,0,0,0,0,0,No,,2000,0,0.9230769231,0,0,0,0,3,No
Leslie Marr,United Kingdom,"[1954, 1955]",0,2,2,0,0,0,0,0,No,,1950,0,1,0,0,0,0,2,No
Tony Marsh,United Kingdom,"[1957, 1958, 1961]",0,5,4,0,0,0,0,0,No,,1960,0,0.8,0,0,0,0,3,No
Eugène Martin,France,[1950],0,2,2,0,0,0,0,0,No,,1950,0,1,0,0,0,0,1,No
Pierluigi Martini,Italy,"[1984, 1985, 1988, 1989, 1990, 1991, 1992, 1993, 1994, 1995]",0,124,118,0,0,0,0,18,No,,1990,0,0.9516129032,0,0,0,0.1451612903,10,No
Jochen Mass,West Germany,"[1973, 1974, 1975, 1976, 1977, 1978, 1979, 1980, 1982]",0,114,105,0,1,8,2,71,No,,1980,0,0.9210526316,0.008771929825,0.0701754386,0.01754385965,0.6228070175,9,No
Felipe Massa,Brazil,"[2002, 2004, 2005, 2006, 2007, 2008, 2009, 2010, 2011, 2012, 2013, 2014, 2015, 2016, 2017]",0,272,269,16,11,41,15,1167,No,,2010,0.05882352941,0.9889705882,0.04044117647,0.1507352941,0.05514705882,4.290441176,15,No
Cristiano da Matta,Brazil,"[2003, 2004]",0,28,28,0,0,0,0,13,No,,2000,0,1,0,0,0,0.4642857143,2,No
Michael May,Switzerland,[1961],0,3,2,0,0,0,0,0,No,,1960,0,0.6666666667,0,0,0,0,1,No
Timmy Mayer,United States,[1962],0,1,1,0,0,0,0,0,No,,1960,0,1,0,0,0,0,1,No
Nikita Mazepin,RAF,[2021],0,22,21,0,0,0,0,0,No,,2020,0,0.9545454545,0,0,0,0,1,No
François Mazet,France,[1971],0,1,1,0,0,0,0,0,No,,1970,0,1,0,0,0,0,1,No
Gastón Mazzacane,Argentina,"[2000, 2001]",0,21,21,0,0,0,0,0,No,,2000,0,1,0,0,0,0,2,No
Kenneth McAlpine,United Kingdom,"[1952, 1953, 1955]",0,7,7,0,0,0,0,0,No,,1950,0,1,0,0,0,0,3,No
Perry McCarthy,United Kingdom,[1992],0,11,0,0,0,0,0,0,No,,1990,0,0,0,0,0,0,1,No
Ernie McCoy,United States,"[1953, 1954]",0,3,1,0,0,0,0,0,No,,1950,0,0.3333333333,0,0,0,0,2,No
Johnny McDowell,United States,"[1950, 1951, 1952]",0,3,3,0,0,0,0,0,No,,1950,0,1,0,0,0,0,3,No
Jack McGrath,United States,"[1950, 1951, 1952, 1953, 1954, 1955]",0,6,6,1,0,2,1,9,No,,1950,0.1666666667,1,0,0.3333333333,0.1666666667,1.5,6,No
Brian McGuire,Australia,[1977],0,2,0,0,0,0,0,0,No,,1980,0,0,0,0,0,0,1,No
Bruce McLaren,New Zealand,"[1958, 1959, 1960, 1961, 1962, 1963, 1964, 1965, 1966, 1967, 1968, 1969, 1970]",0,104,100,0,4,27,3,188.5,No,,1960,0,0.9615384615,0.03846153846,0.2596153846,0.02884615385,1.8125,13,No
Allan McNish,United Kingdom,[2002],0,17,16,0,0,0,0,0,No,,2000,0,0.9411764706,0,0,0,0,1,No
Graham McRae,New Zealand,[1973],0,1,1,0,0,0,0,0,No,,1970,0,1,0,0,0,0,1,No
Jim McWithey,United States,"[1959, 1960]",0,5,2,0,0,0,0,0,No,,1960,0,0.4,0,0,0,0,2,No
Carlos Menditeguy,Argentina,"[1953, 1954, 1955, 1956, 1957, 1958, 1960]",0,11,10,0,0,1,0,9,No,,1960,0,0.9090909091,0,0.09090909091,0,0.8181818182,7,No
Roberto Merhi,Spain,[2015],0,14,13,0,0,0,0,0,No,,2020,0,0.9285714286,0,0,0,0,1,No
Harry Merkel,West Germany,[1952],0,1,0,0,0,0,0,0,No,,1950,0,0,0,0,0,0,1,No
Arturo Merzario,Italy,"[1972, 1973, 1974, 1975, 1976, 1977, 1978, 1979]",0,85,57,0,0,0,0,11,No,,1980,0,0.6705882353,0,0,0,0.1294117647,8,No
Roberto Mieres,Argentina,"[1953, 1954, 1955]",0,17,17,0,0,0,1,13,No,,1950,0,1,0,0,0.05882352941,0.7647058824,3,No
François Migault,France,"[1972, 1974, 1975]",0,16,13,0,0,0,0,0,No,,1970,0,0.8125,0,0,0,0,3,No
John Miles,United Kingdom,"[1969, 1970]",0,15,12,0,0,0,0,2,No,,1970,0,0.8,0,0,0,0.1333333333,2,No
Ken Miles,United Kingdom,[1961],0,1,0,0,0,0,0,0,No,,1960,0,0,0,0,0,0,1,No
André Milhoux,Belgium,[1956],0,1,1,0,0,0,0,0,No,,1960,0,1,0,0,0,0,1,No
Chet Miller,United States,"[1951, 1952]",0,4,2,0,0,0,0,0,No,,1950,0,0.5,0,0,0,0,2,No
Gerhard Mitter,West Germany,"[1963, 1964, 1965]",0,7,5,0,0,0,0,3,No,,1960,0,0.7142857143,0,0,0,0.4285714286,3,No
Stefano Modena,Italy,"[1987, 1988, 1989, 1990, 1991, 1992]",0,81,70,0,0,2,0,17,No,,1990,0,0.8641975309,0,0.02469135802,0,0.2098765432,6,No
Thomas Monarch,United States,[1963],0,1,0,0,0,0,0,0,No,,1960,0,0,0,0,0,0,1,No
Franck Montagny,France,[2006],0,7,7,0,0,0,0,0,No,,2010,0,1,0,0,0,0,1,No
Tiago Monteiro,Portugal,"[2005, 2006]",0,37,37,0,0,1,0,7,No,,2010,0,1,0,0.02702702703,0,0.1891891892,2,No
Andrea Montermini,Italy,"[1994, 1995, 1996]",0,29,19,0,0,0,0,0,No,,2000,0,0.6551724138,0,0,0,0,3,No
Peter Monteverdi,Switzerland,[1961],0,1,0,0,0,0,0,0,No,,1960,0,0,0,0,0,0,1,No
Robin Montgomerie-Charrington,United Kingdom,[1952],0,1,1,0,0,0,0,0,No,,1950,0,1,0,0,0,0,1,No
Juan Pablo Montoya,Colombia,"[2001, 2002, 2003, 2004, 2005, 2006]",0,95,94,13,7,30,12,307,No,,2000,0.1368421053,0.9894736842,0.07368421053,0.3157894737,0.1263157895,3.231578947,6,No
Gianni Morbidelli,Italy,"[1990, 1991, 1992, 1994, 1995, 1997]",0,70,67,0,0,1,0,8.5,No,,1990,0,0.9571428571,0,0.01428571429,0,0.1214285714,6,No
Roberto Moreno,Brazil,"[1982, 1987, 1989, 1990, 1991, 1992, 1995]",0,77,41,0,0,1,1,15,No,,1990,0,0.5324675325,0,0.01298701299,0.01298701299,0.1948051948,7,No
Dave Morgan,United Kingdom,[1975],0,1,1,0,0,0,0,0,No,,1980,0,1,0,0,0,0,1,No
Silvio Moser,Switzerland,"[1967, 1968, 1969, 1970, 1971]",0,20,12,0,0,0,0,3,No,,1970,0,0.6,0,0,0,0.15,5,No
Bill Moss,United Kingdom,[1959],0,1,0,0,0,0,0,0,No,,1960,0,0,0,0,0,0,1,No
Stirling Moss,United Kingdom,"[1951, 1952, 1953, 1954, 1955, 1956, 1957, 1958, 1959, 1960, 1961]",0,67,66,16,16,24,19,185.64,No,,1960,0.2388059701,0.9850746269,0.2388059701,0.3582089552,0.2835820896,2.770746269,11,No
Gino Munaron,Italy,[1960],0,4,4,0,0,0,0,0,No,,1960,0,1,0,0,0,0,1,No
David Murray,United Kingdom,"[1950, 1951, 1952]",0,5,4,0,0,0,0,0,No,,1950,0,0.8,0,0,0,0,3,No
Luigi Musso,Italy,"[1953, 1954, 1955, 1956, 1957, 1958]",0,25,24,0,1,7,1,44,No,,1960,0,0.96,0.04,0.28,0.04,1.76,6,No
Kazuki Nakajima,Japan,"[2007, 2008, 2009]",0,36,36,0,0,0,0,9,No,,2010,0,1,0,0,0,0.25,3,No
Satoru Nakajima,Japan,"[1987, 1988, 1989, 1990, 1991]",0,80,74,0,0,0,1,16,No,,1990,0,0.925,0,0,0.0125,0.2,5,No
Shinji Nakano,Japan,"[1997, 1998]",0,33,33,0,0,0,0,2,No,,2000,0,1,0,0,0,0.06060606061,2,No
Duke Nalon,United States,"[1951, 1952, 1953]",0,5,3,1,0,0,0,0,No,,1950,0.2,0.6,0,0,0,0,3,No
Alessandro Nannini,Italy,"[1986, 1987, 1988, 1989, 1990]",0,78,76,0,1,9,2,65,No,,1990,0,0.9743589744,0.01282051282,0.1153846154,0.02564102564,0.8333333333,5,No
Emanuele Naspetti,Italy,"[1992, 1993]",0,6,6,0,0,0,0,0,No,,1990,0,1,0,0,0,0,2,No
Felipe Nasr,Brazil,"[2015, 2016]",0,40,39,0,0,0,0,29,No,,2020,0,0.975,0,0,0,0.725,2,No
Massimo Natili,Italy,[1961],0,2,1,0,0,0,0,0,No,,1960,0,0.5,0,0,0,0,1,No
Brian Naylor,United Kingdom,"[1957, 1958, 1959, 1960, 1961]",0,8,7,0,0,0,0,0,No,,1960,0,0.875,0,0,0,0,5,No
Mike Nazaruk,United States,"[1951, 1953, 1954]",0,4,3,0,0,1,0,8,No,,1950,0,0.75,0,0.25,0,2,3,No
Tiff Needell,United Kingdom,[1980],0,2,1,0,0,0,0,0,No,,1980,0,0.5,0,0,0,0,1,No
Jac Nellemann,Denmark,[1976],0,1,0,0,0,0,0,0,No,,1980,0,0,0,0,0,0,1,No
Patrick Nève,Belgium,"[1976, 1977, 1978]",0,14,10,0,0,0,0,0,No,,1980,0,0.7142857143,0,0,0,0,3,No
John Nicholson,New Zealand,"[1974, 1975]",0,2,1,0,0,0,0,0,No,,1970,0,0.5,0,0,0,0,2,No
Cal Niday,United States,"[1953, 1954, 1955]",0,3,3,0,0,0,0,0,No,,1950,0,1,0,0,0,0,3,No
Helmut Niedermayr,West Germany,[1952],0,1,1,0,0,0,0,0,No,,1950,0,1,0,0,0,0,1,No
Brausch Niemann,South Africa,"[1963, 1965]",0,2,1,0,0,0,0,0,No,,1960,0,0.5,0,0,0,0,2,No
Gunnar Nilsson,Sweden,"[1976, 1977]",0,32,31,0,1,4,1,31,No,,1980,0,0.96875,0.03125,0.125,0.03125,0.96875,2,No
Hideki Noda,Japan,[1994],0,3,3,0,0,0,0,0,No,,1990,0,1,0,0,0,0,1,No
Lando Norris,United Kingdom,"[2019, 2020, 2021, 2022]",0,83,83,1,0,6,5,428,Yes,,2020,0.01204819277,1,0,0.07228915663,0.06024096386,5.156626506,4,No
Rodney Nuckey,United Kingdom,[1953],0,2,1,0,0,0,0,0,No,,1950,0,0.5,0,0,0,0,1,No
Robert O'Brien,United States,[1952],0,1,1,0,0,0,0,0,No,,1950,0,1,0,0,0,0,1,No
Esteban Ocon,France,"[2016, 2017, 2018, 2020, 2021, 2022]",0,112,112,0,1,2,0,364,Yes,,2020,0,1,0.008928571429,0.01785714286,0,3.25,6,No
Pat O'Connor,United States,"[1954, 1955, 1956, 1957, 1958]",0,6,5,1,0,0,0,0,No,,1960,0.1666666667,0.8333333333,0,0,0,0,5,No
Casimiro de Oliveira,Portugal,[1958],0,1,0,0,0,0,0,0,No,,1960,0,0,0,0,0,0,1,No
Jackie Oliver,United Kingdom,"[1968, 1969, 1970, 1971, 1972, 1973, 1977]",0,52,50,0,0,2,1,13,No,,1970,0,0.9615384615,0,0.03846153846,0.01923076923,0.25,7,No
Danny Ongais,United States,"[1977, 1978]",0,6,4,0,0,0,0,0,No,,1980,0,0.6666666667,0,0,0,0,2,No
Rikky von Opel,Liechtenstein,"[1973, 1974]",0,14,10,0,0,0,0,0,No,,1970,0,0.7142857143,0,0,0,0,2,No
Karl Oppitzhauser,Austria,[1976],0,1,0,0,0,0,0,0,No,,1980,0,0,0,0,0,0,1,No
Fritz d'Orey,Brazil,[1959],0,3,3,0,0,0,0,0,No,,1960,0,1,0,0,0,0,1,No
Arthur Owen,United Kingdom,[1960],0,1,1,0,0,0,0,0,No,,1960,0,1,0,0,0,0,1,No
Carlos Pace,Brazil,"[1972, 1973, 1974, 1975, 1976, 1977]",0,73,72,1,1,6,5,58,No,,1970,0.01369863014,0.9863013699,0.01369863014,0.08219178082,0.06849315068,0.7945205479,6,No
Nello Pagani,Italy,[1950],0,1,1,0,0,0,0,0,No,,1950,0,1,0,0,0,0,1,No
Riccardo Paletti,Italy,[1982],0,8,2,0,0,0,0,0,No,,1980,0,0.25,0,0,0,0,1,No
Torsten Palm,Sweden,[1975],0,2,1,0,0,0,0,0,No,,1980,0,0.5,0,0,0,0,1,No
Jolyon Palmer,United Kingdom,"[2016, 2017]",0,37,35,0,0,0,0,9,No,,2020,0,0.9459459459,0,0,0,0.2432432432,2,No
Jonathan Palmer,United Kingdom,"[1983, 1984, 1985, 1986, 1987, 1988, 1989]",0,88,83,0,0,0,1,14,No,,1990,0,0.9431818182,0,0,0.01136363636,0.1590909091,7,No
Olivier Panis,France,"[1994, 1995, 1996, 1997, 1998, 1999, 2001, 2002, 2003, 2004]",0,158,157,0,1,5,0,76,No,,2000,0,0.9936708861,0.006329113924,0.03164556962,0,0.4810126582,10,No
Giorgio Pantano,Italy,[2004],0,15,14,0,0,0,0,0,No,,2000,0,0.9333333333,0,0,0,0,1,No
Massimiliano Papis,Italy,[1995],0,7,7,0,0,0,0,0,No,,2000,0,1,0,0,0,0,1,No
Mike Parkes,United Kingdom,"[1959, 1966, 1967]",0,7,6,1,0,2,0,14,No,,1960,0.1428571429,0.8571428571,0,0.2857142857,0,2,3,No
Reg Parnell,United Kingdom,"[1950, 1951, 1952, 1954]",0,7,6,0,0,1,0,9,No,,1950,0,0.8571428571,0,0.1428571429,0,1.285714286,4,No
Tim Parnell,United Kingdom,"[1959, 1961, 1963]",0,4,2,0,0,0,0,0,No,,1960,0,0.5,0,0,0,0,3,No
Johnnie Parsons,United States,"[1950, 1951, 1952, 1953, 1954, 1955, 1956, 1957, 1958]",0,9,9,0,1,1,1,12,No,,1950,0,1,0.1111111111,0.1111111111,0.1111111111,1.333333333,9,No
Riccardo Patrese,Italy,"[1977, 1978, 1979, 1980, 1981, 1982, 1983, 1984, 1985, 1986, 1987, 1988, 1989, 1990, 1991, 1992, 1993]",0,257,256,8,6,37,13,281,No,,1980,0.03112840467,0.9961089494,0.0233463035,0.1439688716,0.05058365759,1.093385214,17,No
Al Pease,Canada,"[1967, 1968, 1969]",0,3,2,0,0,0,0,0,No,,1970,0,0.6666666667,0,0,0,0,3,No
Roger Penske,United States,"[1961, 1962]",0,2,2,0,0,0,0,0,No,,1960,0,1,0,0,0,0,2,No
Cesare Perdisa,Italy,"[1955, 1956, 1957]",0,8,8,0,0,2,0,5,No,,1960,0,1,0,0.25,0,0.625,3,No
Sergio Pérez,Mexico,"[2011, 2012, 2013, 2014, 2015, 2016, 2017, 2018, 2019, 2020, 2021, 2022]",0,240,236,1,4,27,9,1219,Yes,,2020,0.004166666667,0.9833333333,0.01666666667,0.1125,0.0375,5.079166667,12,No
Luis Pérez-Sala,Spain,"[1988, 1989]",0,32,26,0,0,0,0,1,No,,1990,0,0.8125,0,0,0,0.03125,2,No
Larry Perkins,Australia,"[1974, 1976, 1977]",0,15,11,0,0,0,0,0,No,,1980,0,0.7333333333,0,0,0,0,3,No
Henri Pescarolo,France,"[1968, 1970, 1971, 1972, 1973, 1974, 1976]",0,64,57,0,0,1,1,12,No,,1970,0,0.890625,0,0.015625,0.015625,0.1875,7,No
Alessandro Pesenti-Rossi,Italy,[1976],0,4,3,0,0,0,0,0,No,,1980,0,0.75,0,0,0,0,1,No
Josef Peters,West Germany,[1952],0,1,1,0,0,0,0,0,No,,1950,0,1,0,0,0,0,1,No
Ronnie Peterson,Sweden,"[1970, 1971, 1972, 1973, 1974, 1975, 1976, 1977, 1978]",0,123,123,14,10,26,9,206,No,,1970,0.1138211382,1,0.08130081301,0.2113821138,0.07317073171,1.674796748,9,No
Vitaly Petrov,Russia,"[2010, 2011, 2012]",0,58,57,0,0,1,1,64,No,,2010,0,0.9827586207,0,0.01724137931,0.01724137931,1.103448276,3,No
Alfredo Pián,Argentina,[1950],0,1,0,0,0,0,0,0,No,,1950,0,0,0,0,0,0,1,No
Oscar Piastri,Australia,[2023],0,1,1,0,0,0,0,0,Yes,,2020,0,1,0,0,0,0,1,No
Charles Pic,France,"[2012, 2013]",0,39,39,0,0,0,0,0,No,,2010,0,1,0,0,0,0,2,No
François Picard,France,[1958],0,1,1,0,0,0,0,0,No,,1960,0,1,0,0,0,0,1,No
Ernie Pieterse,South Africa,"[1962, 1963, 1965]",0,3,2,0,0,0,0,0,No,,1960,0,0.6666666667,0,0,0,0,3,No
Paul Pietsch,West Germany,"[1950, 1951, 1952]",0,3,3,0,0,0,0,0,No,,1950,0,1,0,0,0,0,3,No
André Pilette,Belgium,"[1951, 1953, 1954, 1956, 1961, 1963, 1964]",0,14,9,0,0,0,0,2,No,,1960,0,0.6428571429,0,0,0,0.1428571429,7,No
Teddy Pilette,Belgium,"[1974, 1977]",0,4,1,0,0,0,0,0,No,,1980,0,0.25,0,0,0,0,2,No
Luigi Piotti,Italy,"[1955, 1956, 1957, 1958]",0,8,5,0,0,0,0,0,No,,1960,0,0.625,0,0,0,0,4,No
David Piper,United Kingdom,"[1959, 1960]",0,3,2,0,0,0,0,0,No,,1960,0,0.6666666667,0,0,0,0,2,No
Nelson Piquet,Brazil,"[1978, 1979, 1980, 1981, 1982, 1983, 1984, 1985, 1986, 1987, 1988, 1989, 1990, 1991]",3,207,204,24,23,60,23,481.5,No,"[1981, 1983, 1987]",1980,0.115942029,0.9855072464,0.1111111111,0.2898550725,0.1111111111,2.326086957,14,Yes
Nelson Piquet Jr.,Brazil,"[2008, 2009]",0,28,28,0,0,1,0,19,No,,2010,0,1,0,0.03571428571,0,0.6785714286,2,No
Renato Pirocchi,Italy,[1961],0,1,1,0,0,0,0,0,No,,1960,0,1,0,0,0,0,1,No
Didier Pironi,France,"[1978, 1979, 1980, 1981, 1982]",0,72,70,4,3,13,5,101,No,,1980,0.05555555556,0.9722222222,0.04166666667,0.1805555556,0.06944444444,1.402777778,5,No
Emanuele Pirro,Italy,"[1989, 1990, 1991]",0,40,37,0,0,0,0,3,No,,1990,0,0.925,0,0,0,0.075,3,No
Antônio Pizzonia,Brazil,"[2003, 2004, 2005]",0,20,20,0,0,0,0,8,No,,2000,0,1,0,0,0,0.4,3,No
Eric van de Poele,Belgium,"[1991, 1992]",0,29,5,0,0,0,0,0,No,,1990,0,0.1724137931,0,0,0,0,2,No
Jacques Pollet,France,"[1954, 1955]",0,5,5,0,0,0,0,0,No,,1950,0,1,0,0,0,0,2,No
Ben Pon,Netherlands,[1962],0,1,1,0,0,0,0,0,No,,1960,0,1,0,0,0,0,1,No
Dennis Poore,United Kingdom,[1952],0,2,2,0,0,0,0,3,No,,1950,0,1,0,0,0,1.5,1,No
Alfonso de Portago,Spain,"[1956, 1957]",0,5,5,0,0,1,0,4,No,,1960,0,1,0,0.2,0,0.8,2,No
Sam Posey,United States,"[1971, 1972]",0,2,2,0,0,0,0,0,No,,1970,0,1,0,0,0,0,2,No
Charles Pozzi,France,[1950],0,1,1,0,0,0,0,0,No,,1950,0,1,0,0,0,0,1,No
Jackie Pretorius,South Africa,"[1965, 1968, 1971, 1973]",0,4,3,0,0,0,0,0,No,,1970,0,0.75,0,0,0,0,4,No
Ernesto Prinoth,Italy,[1962],0,1,0,0,0,0,0,0,No,,1960,0,0,0,0,0,0,1,No
David Prophet,United Kingdom,"[1963, 1965]",0,2,2,0,0,0,0,0,No,,1960,0,1,0,0,0,0,2,No
Alain Prost,France,"[1980, 1981, 1982, 1983, 1984, 1985, 1986, 1987, 1988, 1989, 1990, 1991, 1993]",4,202,199,33,51,106,41,768.5,No,"[1985, 1986, 1989, 1993]",1990,0.1633663366,0.9851485149,0.2524752475,0.5247524752,0.202970297,3.804455446,13,Yes
Tom Pryce,United Kingdom,"[1974, 1975, 1976, 1977]",0,42,42,1,0,2,0,19,No,,1980,0.02380952381,1,0,0.04761904762,0,0.4523809524,4,No
David Purley,United Kingdom,"[1973, 1974, 1977]",0,11,7,0,0,0,0,0,No,,1970,0,0.6363636364,0,0,0,0,3,No
Clive Puzey,Rhodesia,[1965],0,1,0,0,0,0,0,0,No,,1960,0,0,0,0,0,0,1,No
Dieter Quester,Austria,"[1969, 1974]",0,2,1,0,0,0,0,0,No,,1970,0,0.5,0,0,0,0,2,No
Ian Raby,United Kingdom,"[1963, 1964, 1965]",0,7,3,0,0,0,0,0,No,,1960,0,0.4285714286,0,0,0,0,3,No
Bobby Rahal,United States,[1978],0,2,2,0,0,0,0,0,No,,1980,0,1,0,0,0,0,1,No
Kimi Räikkönen,Finland,"[2001, 2002, 2003, 2004, 2005, 2006, 2007, 2008, 2009, 2012, 2013, 2014, 2015, 2016, 2017, 2018, 2019, 2020, 2021]",1,353,349,18,21,103,46,1873,No,[2007],2010,0.05099150142,0.9886685552,0.05949008499,0.2917847025,0.1303116147,5.305949008,19,Yes
Hermano da Silva Ramos,Brazil,"[1955, 1956]",0,7,7,0,0,0,0,2,No,,1960,0,1,0,0,0,0.2857142857,2,No
Pierre-Henri Raphanel,France,"[1988, 1989]",0,17,1,0,0,0,0,0,No,,1990,0,0.05882352941,0,0,0,0,2,No
Dick Rathmann,United States,"[1950, 1956, 1958, 1959, 1960]",0,6,5,1,0,0,0,2,No,,1960,0.1666666667,0.8333333333,0,0,0,0.3333333333,5,No
Jim Rathmann,United States,"[1950, 1952, 1953, 1954, 1955, 1956, 1957, 1958, 1959, 1960]",0,10,10,0,1,4,2,29,No,,1960,0,1,0.1,0.4,0.2,2.9,10,No
Roland Ratzenberger,Austria,[1994],0,3,1,0,0,0,0,0,No,,1990,0,0.3333333333,0,0,0,0,1,No
Héctor Rebaque,Mexico,"[1977, 1978, 1979, 1980, 1981]",0,58,41,0,0,0,0,13,No,,1980,0,0.7068965517,0,0,0,0.224137931,5,No
Brian Redman,United Kingdom,"[1968, 1970, 1971, 1972, 1973, 1974]",0,15,12,0,0,1,0,8,No,,1970,0,0.8,0,0.06666666667,0,0.5333333333,6,No
Jimmy Reece,United States,"[1952, 1954, 1955, 1956, 1957, 1958]",0,6,6,0,0,0,0,0,No,,1960,0,1,0,0,0,0,6,No
Ray Reed,Rhodesia,[1965],0,1,0,0,0,0,0,0,No,,1960,0,0,0,0,0,0,1,No
Alan Rees,United Kingdom,[1967],0,1,1,0,0,0,0,0,No,,1970,0,1,0,0,0,0,1,No
Clay Regazzoni,Switzerland,"[1970, 1971, 1972, 1973, 1974, 1975, 1976, 1977, 1978, 1979, 1980]",0,139,132,5,5,28,15,209,No,,1980,0.03597122302,0.9496402878,0.03597122302,0.2014388489,0.1079136691,1.503597122,11,No
Paul di Resta,United Kingdom,"[2011, 2012, 2013, 2017]",0,59,59,0,0,0,0,121,No,,2010,0,1,0,0,0,2.050847458,4,No
Carlos Reutemann,Argentina,"[1972, 1973, 1974, 1975, 1976, 1977, 1978, 1979, 1980, 1981, 1982]",0,146,146,6,12,45,6,298,No,,1980,0.04109589041,1,0.08219178082,0.3082191781,0.04109589041,2.04109589,11,No
Lance Reventlow,United States,[1960],0,4,1,0,0,0,0,0,No,,1960,0,0.25,0,0,0,0,1,No
Peter Revson,United States,"[1964, 1971, 1972, 1973, 1974]",0,32,30,1,2,8,0,61,No,,1970,0.03125,0.9375,0.0625,0.25,0,1.90625,5,No
John Rhodes,United Kingdom,[1965],0,1,1,0,0,0,0,0,No,,1960,0,1,0,0,0,0,1,No
Alex Ribeiro,Brazil,"[1976, 1977, 1979]",0,20,10,0,0,0,0,0,No,,1980,0,0.5,0,0,0,0,3,No
Daniel Ricciardo,Australia,"[2011, 2012, 2013, 2014, 2015, 2016, 2017, 2018, 2019, 2020, 2021, 2022]",0,232,232,3,8,32,16,1311,No,,2020,0.01293103448,1,0.03448275862,0.1379310345,0.06896551724,5.650862069,12,No
Ken Richardson,United Kingdom,[1951],0,1,0,0,0,0,0,0,No,,1950,0,0,0,0,0,0,1,No
Fritz Riess,West Germany,[1952],0,1,1,0,0,0,0,0,No,,1950,0,1,0,0,0,0,1,No
Jim Rigsby,United States,[1952],0,2,1,0,0,0,0,0,No,,1950,0,0.5,0,0,0,0,1,No
Jochen Rindt,Austria,"[1964, 1965, 1966, 1967, 1968, 1969, 1970]",1,62,60,10,6,13,3,107,No,[1970],1970,0.1612903226,0.9677419355,0.09677419355,0.2096774194,0.04838709677,1.725806452,7,Yes
John Riseley-Prichard,United Kingdom,[1954],0,1,1,0,0,0,0,0,No,,1950,0,1,0,0,0,0,1,No
Giovanni de Riu,Italy,[1954],0,1,0,0,0,0,0,0,No,,1950,0,0,0,0,0,0,1,No
Richard Robarts,United Kingdom,[1974],0,4,3,0,0,0,0,0,No,,1970,0,0.75,0,0,0,0,1,No
Pedro Rodríguez,Mexico,"[1963, 1964, 1965, 1966, 1967, 1968, 1969, 1970, 1971]",0,54,54,0,2,7,1,71,No,,1970,0,1,0.03703703704,0.1296296296,0.01851851852,1.314814815,9,No
Ricardo Rodríguez,Mexico,"[1961, 1962]",0,6,5,0,0,0,0,4,No,,1960,0,0.8333333333,0,0,0,0.6666666667,2,No
Alberto Rodriguez Larreta,Argentina,[1960],0,1,1,0,0,0,0,0,No,,1960,0,1,0,0,0,0,1,No
Franco Rol,Italy,"[1950, 1951, 1952]",0,5,5,0,0,0,0,0,No,,1950,0,1,0,0,0,0,3,No
Alan Rollinson,United Kingdom,[1965],0,1,0,0,0,0,0,0,No,,1960,0,0,0,0,0,0,1,No
Tony Rolt,United Kingdom,"[1950, 1953, 1955]",0,3,3,0,0,0,0,0,No,,1950,0,1,0,0,0,0,3,No
Bertil Roos,Sweden,[1974],0,1,1,0,0,0,0,0,No,,1970,0,1,0,0,0,0,1,No
Pedro de la Rosa,Spain,"[1999, 2000, 2001, 2002, 2005, 2006, 2010, 2011, 2012]",0,107,104,0,0,1,1,35,No,,2010,0,0.9719626168,0,0.009345794393,0.009345794393,0.3271028037,9,No
Keke Rosberg,Finland,"[1978, 1979, 1980, 1981, 1982, 1983, 1984, 1985, 1986]",1,128,114,5,5,17,3,159.5,No,[1982],1980,0.0390625,0.890625,0.0390625,0.1328125,0.0234375,1.24609375,9,Yes
Nico Rosberg,Germany,"[2006, 2007, 2008, 2009, 2010, 2011, 2012, 2013, 2014, 2015, 2016]",1,206,206,30,23,57,20,1594.5,No,[2016],2010,0.145631068,1,0.1116504854,0.2766990291,0.09708737864,7.740291262,11,Yes
Mauri Rose,United States,"[1950, 1951]",0,2,2,0,0,1,0,4,No,,1950,0,1,0,0.5,0,2,2,No
Louis Rosier,France,"[1950, 1951, 1952, 1953, 1954, 1955, 1956]",0,38,38,0,0,2,0,18,No,,1950,0,1,0,0.05263157895,0,0.4736842105,7,No
Ricardo Rosset,Brazil,"[1996, 1997, 1998]",0,33,26,0,0,0,0,0,No,,2000,0,0.7878787879,0,0,0,0,3,No
Alexander Rossi,United States,[2015],0,7,5,0,0,0,0,0,No,,2020,0,0.7142857143,0,0,0,0,1,No
Huub Rothengatter,Netherlands,"[1984, 1985, 1986]",0,30,25,0,0,0,0,0,No,,1980,0,0.8333333333,0,0,0,0,3,No
Basil van Rooyen,South Africa,"[1968, 1969]",0,2,2,0,0,0,0,0,No,,1970,0,1,0,0,0,0,2,No
Lloyd Ruby,United States,"[1960, 1961]",0,2,2,0,0,0,0,0,No,,1960,0,1,0,0,0,0,2,No
Jean-Claude Rudaz,Switzerland,[1964],0,1,0,0,0,0,0,0,No,,1960,0,0,0,0,0,0,1,No
George Russell,United Kingdom,"[2019, 2020, 2021, 2022]",0,83,83,1,1,9,5,300,Yes,,2020,0.01204819277,1,0.01204819277,0.1084337349,0.06024096386,3.614457831,4,No
Eddie Russo,United States,"[1955, 1956, 1957, 1960]",0,7,4,0,0,0,0,0,No,,1960,0,0.5714285714,0,0,0,0,4,No
Paul Russo,United States,"[1950, 1951, 1952, 1953, 1954, 1955, 1956, 1957, 1958, 1959, 1960]",0,11,8,0,0,1,1,8.5,No,,1960,0,0.7272727273,0,0.09090909091,0.09090909091,0.7727272727,11,No
Troy Ruttman,United States,"[1950, 1951, 1952, 1953, 1954, 1955, 1956, 1957, 1958, 1960]",0,12,8,0,1,1,0,9.5,No,,1950,0,0.6666666667,0.08333333333,0.08333333333,0,0.7916666667,10,No
Peter Ryan,Canada,[1961],0,1,1,0,0,0,0,0,No,,1960,0,1,0,0,0,0,1,No
Eddie Sachs,United States,"[1957, 1958, 1959, 1960]",0,7,4,1,0,0,0,0,No,,1960,0.1428571429,0.5714285714,0,0,0,0,4,No
Bob Said,United States,[1959],0,1,1,0,0,0,0,0,No,,1960,0,1,0,0,0,0,1,No
Carlos Sainz Jr.,Spain,"[2015, 2016, 2017, 2018, 2019, 2020, 2021, 2022]",0,164,163,3,1,15,3,794.5,Yes,,2020,0.01829268293,0.993902439,0.006097560976,0.09146341463,0.01829268293,4.844512195,8,No
Eliseo Salazar,Chile,"[1981, 1982, 1983]",0,37,24,0,0,0,0,3,No,,1980,0,0.6486486486,0,0,0,0.08108108108,3,No
Mika Salo,Finland,"[1994, 1995, 1996, 1997, 1998, 1999, 2000, 2002]",0,111,109,0,0,2,0,33,No,,2000,0,0.981981982,0,0.01801801802,0,0.2972972973,8,No
Roy Salvadori,United Kingdom,"[1952, 1953, 1954, 1955, 1956, 1957, 1958, 1959, 1960, 1961, 1962]",0,50,47,0,0,2,0,19,No,,1960,0,0.94,0,0.04,0,0.38,11,No
Consalvo Sanesi,Italy,"[1950, 1951]",0,5,5,0,0,0,0,3,No,,1950,0,1,0,0,0,0.6,2,No
Stéphane Sarrazin,France,[1999],0,1,1,0,0,0,0,0,No,,2000,0,1,0,0,0,0,1,No
Logan Sargeant,United States,[2023],0,1,1,0,0,0,0,0,Yes,,2020,0,1,0,0,0,0,1,No
Takuma Sato,Japan,"[2002, 2003, 2004, 2005, 2006, 2007, 2008]",0,92,90,0,0,1,0,44,No,,2000,0,0.9782608696,0,0.01086956522,0,0.4782608696,7,No
Carl Scarborough,United States,"[1951, 1953]",0,2,2,0,0,0,0,0,No,,1950,0,1,0,0,0,0,2,No
Ludovico Scarfiotti,Italy,"[1963, 1964, 1965, 1966, 1967, 1968]",0,12,10,0,1,1,1,17,No,,1970,0,0.8333333333,0.08333333333,0.08333333333,0.08333333333,1.416666667,6,No
Giorgio Scarlatti,Italy,"[1956, 1957, 1958, 1959, 1960, 1961]",0,15,12,0,0,0,0,1,No,,1960,0,0.8,0,0,0,0.06666666667,6,No
Ian Scheckter,South Africa,"[1974, 1975, 1976, 1977]",0,20,18,0,0,0,0,0,No,,1980,0,0.9,0,0,0,0,4,No
Jody Scheckter,South Africa,"[1972, 1973, 1974, 1975, 1976, 1977, 1978, 1979, 1980]",1,113,112,3,10,33,5,246,No,[1979],1980,0.02654867257,0.9911504425,0.08849557522,0.2920353982,0.04424778761,2.17699115,9,Yes
Harry Schell,United States,"[1950, 1951, 1952, 1953, 1954, 1955, 1956, 1957, 1958, 1959, 1960]",0,57,56,0,0,2,0,32,No,,1960,0,0.9824561404,0,0.0350877193,0,0.5614035088,11,No
Tim Schenken,Australia,"[1970, 1971, 1972, 1973, 1974]",0,36,34,0,0,1,0,7,No,,1970,0,0.9444444444,0,0.02777777778,0,0.1944444444,5,No
Albert Scherrer,Switzerland,[1953],0,1,1,0,0,0,0,0,No,,1950,0,1,0,0,0,0,1,No
Domenico Schiattarella,Italy,"[1994, 1995]",0,7,6,0,0,0,0,0,No,,1990,0,0.8571428571,0,0,0,0,2,No
Heinz Schiller,Switzerland,[1962],0,1,1,0,0,0,0,0,No,,1960,0,1,0,0,0,0,1,No
Bill Schindler,United States,"[1950, 1951, 1952]",0,3,3,0,0,0,0,0,No,,1950,0,1,0,0,0,0,3,No
Jean-Louis Schlesser,France,"[1983, 1988]",0,2,1,0,0,0,0,0,No,,1990,0,0.5,0,0,0,0,2,No
Jo Schlesser,France,[1968],0,3,3,0,0,0,0,0,No,,1970,0,1,0,0,0,0,1,No
Bernd Schneider,West Germany,"[1988, 1989, 1990]",0,34,9,0,0,0,0,0,No,,1990,0,0.2647058824,0,0,0,0,3,No
Rudolf Schoeller,Switzerland,[1952],0,1,1,0,0,0,0,0,No,,1950,0,1,0,0,0,0,1,No
Rob Schroeder,United States,[1962],0,1,1,0,0,0,0,0,No,,1960,0,1,0,0,0,0,1,No
Michael Schumacher,Germany,"[1991, 1992, 1993, 1994, 1995, 1996, 1997, 1998, 1999, 2000, 2001, 2002, 2003, 2004, 2005, 2006, 2010, 2011, 2012]",7,308,306,68,91,155,77,1566,No,"[1994, 1995, 2000, 2001, 2002, 2003, 2004]",2000,0.2207792208,0.9935064935,0.2954545455,0.5032467532,0.25,5.084415584,19,Yes
Mick Schumacher,Germany,"[2021, 2022]",0,44,43,0,0,0,0,12,No,,2020,0,0.9772727273,0,0,0,0.2727272727,2,No
Ralf Schumacher,Germany,"[1997, 1998, 1999, 2000, 2001, 2002, 2003, 2004, 2005, 2006, 2007]",0,181,180,6,6,27,8,329,No,,2000,0.03314917127,0.9944751381,0.03314917127,0.1491712707,0.04419889503,1.817679558,11,No
Vern Schuppan,Australia,"[1972, 1974, 1975, 1977]",0,13,9,0,0,0,0,0,No,,1970,0,0.6923076923,0,0,0,0,4,No
Adolfo Schwelm Cruz,Argentina,[1953],0,1,1,0,0,0,0,0,No,,1950,0,1,0,0,0,0,1,No
Bob Scott,United States,"[1952, 1953, 1954]",0,3,3,0,0,0,0,0,No,,1950,0,1,0,0,0,0,3,No
Archie Scott Brown,United Kingdom,[1956],0,1,1,0,0,0,0,0,No,,1960,0,1,0,0,0,0,1,No
Piero Scotti,Italy,[1956],0,1,1,0,0,0,0,0,No,,1960,0,1,0,0,0,0,1,No
Wolfgang Seidel,West Germany,"[1953, 1958, 1960, 1961, 1962]",0,12,10,0,0,0,0,0,No,,1960,0,0.8333333333,0,0,0,0,5,No
Günther Seiffert,West Germany,[1962],0,1,0,0,0,0,0,0,No,,1960,0,0,0,0,0,0,1,No
Ayrton Senna,Brazil,"[1984, 1985, 1986, 1987, 1988, 1989, 1990, 1991, 1992, 1993, 1994]",3,162,161,65,41,80,19,610,No,"[1988, 1990, 1991]",1990,0.4012345679,0.9938271605,0.2530864198,0.4938271605,0.1172839506,3.765432099,11,Yes
Bruno Senna,Brazil,"[2010, 2011, 2012]",0,46,46,0,0,0,1,33,No,,2010,0,1,0,0,0.02173913043,0.7173913043,3,No
Dorino Serafini,Italy,[1950],0,1,1,0,0,1,0,3,No,,1950,0,1,0,1,0,3,1,No
Chico Serra,Brazil,"[1981, 1982, 1983]",0,33,18,0,0,0,0,1,No,,1980,0,0.5454545455,0,0,0,0.0303030303,3,No
Doug Serrurier,South Africa,"[1962, 1963, 1965]",0,3,2,0,0,0,0,0,No,,1960,0,0.6666666667,0,0,0,0,3,No
Johnny Servoz-Gavin,France,"[1967, 1968, 1969, 1970]",0,13,12,0,0,1,0,9,No,,1970,0,0.9230769231,0,0.07692307692,0,0.6923076923,4,No
Tony Settember,United States,"[1962, 1963]",0,7,6,0,0,0,0,0,No,,1960,0,0.8571428571,0,0,0,0,2,No
Hap Sharp,United States,"[1961, 1962, 1963, 1964]",0,6,6,0,0,0,0,0,No,,1960,0,1,0,0,0,0,4,No
Brian Shawe-Taylor,United Kingdom,"[1950, 1951]",0,3,2,0,0,0,0,0,No,,1950,0,0.6666666667,0,0,0,0,2,No
Carroll Shelby,United States,"[1958, 1959]",0,8,8,0,0,0,0,0,No,,1960,0,1,0,0,0,0,2,No
Tony Shelly,New Zealand,[1962],0,3,1,0,0,0,0,0,No,,1960,0,0.3333333333,0,0,0,0,1,No
Jo Siffert,Switzerland,"[1962, 1963, 1964, 1965, 1966, 1967, 1968, 1969, 1970, 1971]",0,100,96,2,2,6,4,68,No,,1970,0.02,0.96,0.02,0.06,0.04,0.68,10,No
André Simon,France,"[1951, 1952, 1955, 1956, 1957]",0,12,11,0,0,0,0,0,No,,1950,0,0.9166666667,0,0,0,0,5,No
Sergey Sirotkin,Russia,[2018],0,21,21,0,0,0,0,1,No,,2020,0,1,0,0,0,0.04761904762,1,No
Rob Slotemaker,Netherlands,[1962],0,1,0,0,0,0,0,0,No,,1960,0,0,0,0,0,0,1,No
Moisés Solana,Mexico,"[1963, 1964, 1965, 1966, 1967, 1968]",0,8,8,0,0,0,0,0,No,,1970,0,1,0,0,0,0,6,No
Alex Soler-Roig,Spain,"[1970, 1971, 1972]",0,10,6,0,0,0,0,0,No,,1970,0,0.6,0,0,0,0,3,No
Raymond Sommer,France,[1950],0,5,5,0,0,0,0,3,No,,1950,0,1,0,0,0,0.6,1,No
Vincenzo Sospiri,Italy,[1997],0,1,0,0,0,0,0,0,No,,2000,0,0,0,0,0,0,1,No
Stephen South,United Kingdom,[1980],0,1,0,0,0,0,0,0,No,,1980,0,0,0,0,0,0,1,No
Mike Sparken,France,[1955],0,1,1,0,0,0,0,0,No,,1960,0,1,0,0,0,0,1,No
Scott Speed,United States,"[2006, 2007]",0,28,28,0,0,0,0,0,No,,2010,0,1,0,0,0,0,2,No
Mike Spence,United Kingdom,"[1963, 1964, 1965, 1966, 1967, 1968]",0,37,36,0,0,1,0,27,No,,1970,0,0.972972973,0,0.02702702703,0,0.7297297297,6,No
Alan Stacey,United Kingdom,"[1958, 1959, 1960]",0,7,7,0,0,0,0,0,No,,1960,0,1,0,0,0,0,3,No
Gaetano Starrabba,Italy,[1961],0,1,1,0,0,0,0,0,No,,1960,0,1,0,0,0,0,1,No
Will Stevens,United Kingdom,"[2014, 2015]",0,20,18,0,0,0,0,0,No,,2010,0,0.9,0,0,0,0,2,No
Chuck Stevenson,United States,"[1951, 1952, 1953, 1954, 1960]",0,5,5,0,0,0,0,0,No,,1950,0,1,0,0,0,0,5,No
Ian Stewart,United Kingdom,[1953],0,1,1,0,0,0,0,0,No,,1950,0,1,0,0,0,0,1,No
Jackie Stewart,United Kingdom,"[1965, 1966, 1967, 1968, 1969, 1970, 1971, 1972, 1973]",3,100,99,17,27,43,15,359,No,"[1969, 1971, 1973]",1970,0.17,0.99,0.27,0.43,0.15,3.59,9,Yes
Jimmy Stewart,United Kingdom,[1953],0,1,1,0,0,0,0,0,No,,1950,0,1,0,0,0,0,1,No
Siegfried Stohr,Italy,[1981],0,13,9,0,0,0,0,0,No,,1980,0,0.6923076923,0,0,0,0,1,No
Rolf Stommelen,West Germany,"[1970, 1971, 1972, 1973, 1974, 1975, 1976, 1978]",0,63,54,0,0,1,0,14,No,,1970,0,0.8571428571,0,0.01587301587,0,0.2222222222,8,No
Philippe Streiff,France,"[1984, 1985, 1986, 1987, 1988]",0,54,53,0,0,1,0,11,No,,1990,0,0.9814814815,0,0.01851851852,0,0.2037037037,5,No
Lance Stroll,Canada,"[2017, 2018, 2019, 2020, 2021, 2022]",0,124,123,1,0,3,0,202,Yes,,2020,0.008064516129,0.9919354839,0,0.02419354839,0,1.629032258,6,No
Hans Stuck,West Germany,"[1951, 1952, 1953]",0,5,3,0,0,0,0,0,No,,1950,0,0.6,0,0,0,0,3,No
Hans-Joachim Stuck,West Germany,"[1974, 1975, 1976, 1977, 1978, 1979]",0,81,74,0,0,2,0,29,No,,1980,0,0.9135802469,0,0.02469135802,0,0.3580246914,6,No
Otto Stuppacher,Austria,[1976],0,3,0,0,0,0,0,0,No,,1980,0,0,0,0,0,0,1,No
Danny Sullivan,United States,[1983],0,15,15,0,0,0,0,2,No,,1980,0,1,0,0,0,0.1333333333,1,No
Marc Surer,Switzerland,"[1979, 1980, 1981, 1982, 1983, 1984, 1985, 1986]",0,88,82,0,0,0,1,17,No,,1980,0,0.9318181818,0,0,0.01136363636,0.1931818182,8,No
John Surtees,United Kingdom,"[1960, 1961, 1962, 1963, 1964, 1965, 1966, 1967, 1968, 1969, 1970, 1971, 1972]",1,113,111,8,6,24,10,180,No,[1964],1970,0.07079646018,0.982300885,0.05309734513,0.2123893805,0.08849557522,1.592920354,13,Yes
Andy Sutcliffe,United Kingdom,[1977],0,1,0,0,0,0,0,0,No,,1980,0,0,0,0,0,0,1,No
Adrian Sutil,Germany,"[2007, 2008, 2009, 2010, 2011, 2013, 2014]",0,128,128,0,0,0,1,124,No,,2010,0,1,0,0,0.0078125,0.96875,7,No
Len Sutton,United States,"[1958, 1959, 1960]",0,4,3,0,0,0,0,0,No,,1960,0,0.75,0,0,0,0,3,No
Aguri Suzuki,Japan,"[1988, 1989, 1990, 1991, 1992, 1993, 1994, 1995]",0,88,65,0,0,1,0,8,No,,1990,0,0.7386363636,0,0.01136363636,0,0.09090909091,8,No
Toshio Suzuki,Japan,[1993],0,2,2,0,0,0,0,0,No,,1990,0,1,0,0,0,0,1,No
Jacques Swaters,Belgium,"[1951, 1953, 1954]",0,8,7,0,0,0,0,0,No,,1950,0,0.875,0,0,0,0,3,No
Bob Sweikert,United States,"[1952, 1953, 1954, 1955, 1956]",0,7,5,0,1,1,0,8,No,,1950,0,0.7142857143,0.1428571429,0.1428571429,0,1.142857143,5,No
Toranosuke Takagi,Japan,"[1998, 1999]",0,32,32,0,0,0,0,0,No,,2000,0,1,0,0,0,0,2,No
Noritake Takahara,Japan,"[1976, 1977]",0,2,2,0,0,0,0,0,No,,1980,0,1,0,0,0,0,2,No
Kunimitsu Takahashi,Japan,[1977],0,1,1,0,0,0,0,0,No,,1980,0,1,0,0,0,0,1,No
Patrick Tambay,France,"[1977, 1978, 1979, 1981, 1982, 1983, 1984, 1985, 1986]",0,123,114,5,2,11,2,103,No,,1980,0.0406504065,0.9268292683,0.0162601626,0.08943089431,0.0162601626,0.837398374,9,No
Luigi Taramazzo,Italy,[1958],0,1,0,0,0,0,0,0,No,,1960,0,0,0,0,0,0,1,No
Gabriele Tarquini,Italy,"[1987, 1988, 1989, 1990, 1991, 1992, 1995]",0,79,38,0,0,0,0,1,No,,1990,0,0.4810126582,0,0,0,0.01265822785,7,No
Piero Taruffi,Italy,"[1950, 1951, 1952, 1954, 1955, 1956]",0,19,18,0,1,5,1,41,No,,1950,0,0.9473684211,0.05263157895,0.2631578947,0.05263157895,2.157894737,6,No
Dennis Taylor,United Kingdom,[1959],0,1,0,0,0,0,0,0,No,,1960,0,0,0,0,0,0,1,No
Henry Taylor,United Kingdom,"[1959, 1960, 1961]",0,11,8,0,0,0,0,3,No,,1960,0,0.7272727273,0,0,0,0.2727272727,3,No
John Taylor,United Kingdom,"[1964, 1966]",0,5,5,0,0,0,0,1,No,,1960,0,1,0,0,0,0.2,2,No
Mike Taylor,United Kingdom,"[1959, 1960]",0,2,1,0,0,0,0,0,No,,1960,0,0.5,0,0,0,0,2,No
Trevor Taylor,United Kingdom,"[1959, 1961, 1962, 1963, 1964, 1966]",0,29,27,0,0,1,0,8,No,,1960,0,0.9310344828,0,0.03448275862,0,0.275862069,6,No
Marshall Teague,United States,"[1953, 1954, 1957]",0,5,3,0,0,0,0,0,No,,1950,0,0.6,0,0,0,0,3,No
Shorty Templeman,United States,"[1955, 1958, 1960]",0,5,3,0,0,0,0,0,No,,1960,0,0.6,0,0,0,0,3,No
Max de Terra,Switzerland,"[1952, 1953]",0,2,2,0,0,0,0,0,No,,1950,0,1,0,0,0,0,2,No
André Testut,Monaco,"[1958, 1959]",0,2,0,0,0,0,0,0,No,,1960,0,0,0,0,0,0,2,No
Mike Thackwell,New Zealand,"[1980, 1984]",0,5,2,0,0,0,0,0,No,,1980,0,0.4,0,0,0,0,2,No
Alfonso Thiele,United States,[1960],0,1,1,0,0,0,0,0,No,,1960,0,1,0,0,0,0,1,No
Eric Thompson,United Kingdom,[1952],0,1,1,0,0,0,0,2,No,,1950,0,1,0,0,0,2,1,No
Johnny Thomson,United States,"[1953, 1954, 1955, 1956, 1957, 1958, 1959, 1960]",0,8,8,1,0,1,1,10,No,,1960,0.125,1,0,0.125,0.125,1.25,8,No
Leslie Thorne,United Kingdom,[1954],0,1,1,0,0,0,0,0,No,,1950,0,1,0,0,0,0,1,No
Bud Tingelstad,United States,[1960],0,1,1,0,0,0,0,0,No,,1960,0,1,0,0,0,0,1,No
Sam Tingle,Rhodesia,"[1963, 1965, 1967, 1968, 1969]",0,5,5,0,0,0,0,0,No,,1970,0,1,0,0,0,0,5,No
Desmond Titterington,United Kingdom,[1956],0,1,1,0,0,0,0,0,No,,1960,0,1,0,0,0,0,1,No
Johnnie Tolan,United States,"[1956, 1957, 1958]",0,7,3,0,0,0,0,0,No,,1960,0,0.4285714286,0,0,0,0,3,No
Alejandro de Tomaso,Argentina,"[1957, 1959]",0,2,2,0,0,0,0,0,No,,1960,0,1,0,0,0,0,2,No
Charles de Tornaco,Belgium,"[1952, 1953]",0,4,2,0,0,0,0,0,No,,1950,0,0.5,0,0,0,0,2,No
Tony Trimmer,United Kingdom,"[1975, 1976, 1977, 1978]",0,6,0,0,0,0,0,0,No,,1980,0,0,0,0,0,0,4,No
Maurice Trintignant,France,"[1950, 1951, 1952, 1953, 1954, 1955, 1956, 1957, 1958, 1959, 1960, 1961, 1962, 1963, 1964]",0,84,82,0,2,10,1,72.33,No,,1960,0,0.9761904762,0.02380952381,0.119047619,0.0119047619,0.8610714286,15,No
Wolfgang von Trips,West Germany,"[1956, 1957, 1958, 1959, 1960, 1961]",0,29,27,1,2,6,0,56,No,,1960,0.03448275862,0.9310344828,0.06896551724,0.2068965517,0,1.931034483,6,No
Jarno Trulli,Italy,"[1997, 1998, 1999, 2000, 2001, 2002, 2003, 2004, 2005, 2006, 2007, 2008, 2009, 2010, 2011]",0,256,252,4,1,11,1,246.5,No,,2000,0.015625,0.984375,0.00390625,0.04296875,0.00390625,0.962890625,15,No
Yuki Tsunoda,Japan,"[2021, 2022]",0,45,43,0,0,0,0,44,Yes,,2020,0,0.9555555556,0,0,0,0.9777777778,2,No
Esteban Tuero,Argentina,[1998],0,16,16,0,0,0,0,0,No,,2000,0,1,0,0,0,0,1,No
Guy Tunmer,South Africa,[1975],0,1,1,0,0,0,0,0,No,,1980,0,1,0,0,0,0,1,No
Jack Turner,United States,"[1956, 1957, 1958, 1959]",0,5,4,0,0,0,0,0,No,,1960,0,0.8,0,0,0,0,4,No
Toni Ulmen,West Germany,[1952],0,2,2,0,0,0,0,0,No,,1950,0,1,0,0,0,0,1,No
Bobby Unser,United States,[1968],0,2,1,0,0,0,0,0,No,,1970,0,0.5,0,0,0,0,1,No
Jerry Unser Jr.,United States,[1958],0,1,1,0,0,0,0,0,No,,1960,0,1,0,0,0,0,1,No
Alberto Uria,Uruguay,"[1955, 1956]",0,2,2,0,0,0,0,0,No,,1960,0,1,0,0,0,0,2,No
Nino Vaccarella,Italy,"[1961, 1962, 1965]",0,5,4,0,0,0,0,0,No,,1960,0,0.8,0,0,0,0,3,No
Stoffel Vandoorne,Belgium,"[2016, 2017, 2018]",0,42,41,0,0,0,0,26,No,,2020,0,0.9761904762,0,0,0,0.619047619,3,No
Bob Veith,United States,"[1956, 1957, 1958, 1959, 1960]",0,5,5,0,0,0,0,0,No,,1960,0,1,0,0,0,0,5,No
Jean-Éric Vergne,France,"[2012, 2013, 2014]",0,58,58,0,0,0,0,51,No,,2010,0,1,0,0,0,0.8793103448,3,No
Jos Verstappen,Netherlands,"[1994, 1995, 1996, 1997, 1998, 2000, 2001, 2003]",0,107,106,0,0,2,0,17,No,,2000,0,0.9906542056,0,0.01869158879,0,0.1588785047,8,No
Max Verstappen,Netherlands,"[2015, 2016, 2017, 2018, 2019, 2020, 2021, 2022]",2,164,164,21,36,78,21,2036.5,Yes,"[2021, 2022]",2020,0.1280487805,1,0.2195121951,0.4756097561,0.1280487805,12.41768293,8,Yes
Sebastian Vettel,Germany,"[2007, 2008, 2009, 2010, 2011, 2012, 2013, 2014, 2015, 2016, 2017, 2018, 2019, 2020, 2021, 2022]",4,300,299,57,53,122,38,3098,No,"[2010, 2011, 2012, 2013]",2010,0.19,0.9966666667,0.1766666667,0.4066666667,0.1266666667,10.32666667,16,Yes
Gilles Villeneuve,Canada,"[1977, 1978, 1979, 1980, 1981, 1982]",0,68,67,2,6,13,8,101,No,,1980,0.02941176471,0.9852941176,0.08823529412,0.1911764706,0.1176470588,1.485294118,6,No
Jacques Villeneuve,Canada,"[1996, 1997, 1998, 1999, 2000, 2001, 2002, 2003, 2004, 2005, 2006]",1,165,163,13,11,23,9,235,No,[1997],2000,0.07878787879,0.9878787879,0.06666666667,0.1393939394,0.05454545455,1.424242424,11,Yes
Jacques Villeneuve Sr.,Canada,"[1981, 1983]",0,3,0,0,0,0,0,0,No,,1980,0,0,0,0,0,0,2,No
Luigi Villoresi,Italy,"[1950, 1951, 1952, 1953, 1954, 1955, 1956]",0,34,31,0,0,8,1,46,No,,1950,0,0.9117647059,0,0.2352941176,0.02941176471,1.352941176,7,No
Emilio de Villota,Spain,"[1976, 1977, 1978, 1981, 1982]",0,15,2,0,0,0,0,0,No,,1980,0,0.1333333333,0,0,0,0,5,No
Ottorino Volonterio,Switzerland,"[1954, 1956, 1957]",0,3,3,0,0,0,0,0,No,,1960,0,1,0,0,0,0,3,No
Jo Vonlanthen,Switzerland,[1975],0,1,1,0,0,0,0,0,No,,1980,0,1,0,0,0,0,1,No
Ernie de Vos,Canada,[1963],0,1,0,0,0,0,0,0,No,,1960,0,0,0,0,0,0,1,No
Nyck de Vries,Netherlands,[2022],0,2,2,0,0,0,0,2,Yes,,2020,0,1,0,0,0,1,1,No
Bill Vukovich,United States,"[1951, 1952, 1953, 1954, 1955]",0,6,5,1,2,2,3,19,No,,1950,0.1666666667,0.8333333333,0.3333333333,0.3333333333,0.5,3.166666667,5,No
Syd van der Vyver,South Africa,[1962],0,1,0,0,0,0,0,0,No,,1960,0,0,0,0,0,0,1,No
Fred Wacker,United States,"[1953, 1954]",0,5,3,0,0,0,0,0,No,,1950,0,0.6,0,0,0,0,2,No
David Walker,Australia,"[1971, 1972]",0,11,11,0,0,0,0,0,No,,1970,0,1,0,0,0,0,2,No
Peter Walker,United Kingdom,"[1950, 1951, 1955]",0,4,4,0,0,0,0,0,No,,1950,0,1,0,0,0,0,3,No
Lee Wallard,United States,"[1950, 1951]",0,3,2,0,1,1,1,9,No,,1950,0,0.6666666667,0.3333333333,0.3333333333,0.3333333333,3,2,No
Heini Walter,Switzerland,[1962],0,1,1,0,0,0,0,0,No,,1960,0,1,0,0,0,0,1,No
Rodger Ward,United States,"[1951, 1952, 1953, 1954, 1955, 1956, 1957, 1958, 1959, 1960, 1963]",0,12,12,0,1,2,0,14,No,,1960,0,1,0.08333333333,0.1666666667,0,1.166666667,11,No
Derek Warwick,United Kingdom,"[1981, 1982, 1983, 1984, 1985, 1986, 1987, 1988, 1989, 1990, 1993]",0,162,147,0,0,4,2,71,No,,1990,0,0.9074074074,0,0.02469135802,0.01234567901,0.4382716049,11,No
John Watson,United Kingdom,"[1973, 1974, 1975, 1976, 1977, 1978, 1979, 1980, 1981, 1982, 1983, 1985]",0,154,152,2,5,20,5,169,No,,1980,0.01298701299,0.987012987,0.03246753247,0.1298701299,0.03246753247,1.097402597,12,No
Spider Webb,United States,"[1950, 1952, 1953, 1954]",0,5,4,0,0,0,0,0,No,,1950,0,0.8,0,0,0,0,4,No
Mark Webber,Australia,"[2002, 2003, 2004, 2005, 2006, 2007, 2008, 2009, 2010, 2011, 2012, 2013]",0,217,215,13,9,42,19,1047.5,No,,2010,0.0599078341,0.9907834101,0.04147465438,0.1935483871,0.08755760369,4.82718894,12,No
Pascal Wehrlein,Germany,"[2016, 2017]",0,40,39,0,0,0,0,6,No,,2020,0,0.975,0,0,0,0.15,2,No
Volker Weidler,West Germany,[1989],0,10,0,0,0,0,0,0,No,,1990,0,0,0,0,0,0,1,No
Wayne Weiler,United States,[1960],0,1,1,0,0,0,0,0,No,,1960,0,1,0,0,0,0,1,No
Karl Wendlinger,Austria,"[1991, 1992, 1993, 1994, 1995]",0,42,41,0,0,0,0,14,No,,1990,0,0.9761904762,0,0,0,0.3333333333,5,No
Peter Westbury,United Kingdom,[1970],0,2,1,0,0,0,0,0,No,,1970,0,0.5,0,0,0,0,1,No
Chuck Weyant,United States,"[1955, 1957, 1958, 1959]",0,6,4,0,0,0,0,0,No,,1960,0,0.6666666667,0,0,0,0,4,No
Ken Wharton,United Kingdom,"[1952, 1953, 1954, 1955]",0,16,15,0,0,0,0,3,No,,1950,0,0.9375,0,0,0,0.1875,4,No
Ted Whiteaway,United Kingdom,[1955],0,1,0,0,0,0,0,0,No,,1960,0,0,0,0,0,0,1,No
Graham Whitehead,United Kingdom,[1952],0,1,1,0,0,0,0,0,No,,1950,0,1,0,0,0,0,1,No
Peter Whitehead,United Kingdom,"[1950, 1951, 1952, 1953, 1954]",0,12,10,0,0,1,0,4,No,,1950,0,0.8333333333,0,0.08333333333,0,0.3333333333,5,No
Bill Whitehouse,United Kingdom,[1954],0,1,1,0,0,0,0,0,No,,1950,0,1,0,0,0,0,1,No
Robin Widdows,United Kingdom,[1968],0,1,1,0,0,0,0,0,No,,1970,0,1,0,0,0,0,1,No
Eppie Wietzes,Canada,"[1967, 1974]",0,2,2,0,0,0,0,0,No,,1970,0,1,0,0,0,0,2,No
Mike Wilds,United Kingdom,"[1974, 1975, 1976]",0,8,3,0,0,0,0,0,No,,1980,0,0.375,0,0,0,0,3,No
Jonathan Williams,United Kingdom,[1967],0,1,1,0,0,0,0,0,No,,1970,0,1,0,0,0,0,1,No
Roger Williamson,United Kingdom,[1973],0,2,2,0,0,0,0,0,No,,1970,0,1,0,0,0,0,1,No
Dempsey Wilson,United States,"[1958, 1960]",0,5,2,0,0,0,0,0,No,,1960,0,0.4,0,0,0,0,2,No
Desiré Wilson,South Africa,[1980],0,1,0,0,0,0,0,0,No,,1980,0,0,0,0,0,0,1,No
Justin Wilson,United Kingdom,[2003],0,16,16,0,0,0,0,1,No,,2000,0,1,0,0,0,0.0625,1,No
Vic Wilson,United Kingdom,"[1960, 1966]",0,2,1,0,0,0,0,0,No,,1960,0,0.5,0,0,0,0,2,No
Joachim Winkelhock,West Germany,[1989],0,7,0,0,0,0,0,0,No,,1990,0,0,0,0,0,0,1,No
Manfred Winkelhock,West Germany,"[1980, 1982, 1983, 1984, 1985]",0,56,47,0,0,0,0,2,No,,1980,0,0.8392857143,0,0,0,0.03571428571,5,No
Markus Winkelhock,Germany,[2007],0,1,1,0,0,0,0,0,No,,2010,0,1,0,0,0,0,1,No
Reine Wisell,Sweden,"[1970, 1971, 1972, 1973, 1974]",0,23,22,0,0,1,0,13,No,,1970,0,0.9565217391,0,0.04347826087,0,0.5652173913,5,No
Roelof Wunderink,Netherlands,[1975],0,6,3,0,0,0,0,0,No,,1980,0,0.5,0,0,0,0,1,No
Alexander Wurz,Austria,"[1997, 1998, 1999, 2000, 2005, 2007]",0,69,69,0,0,3,1,45,No,,2000,0,1,0,0.04347826087,0.01449275362,0.652173913,6,No
Sakon Yamamoto,Japan,"[2006, 2007, 2010]",0,21,21,0,0,0,0,0,No,,2010,0,1,0,0,0,0,3,No
Alex Yoong,Malaysia,"[2001, 2002]",0,18,14,0,0,0,0,0,No,,2000,0,0.7777777778,0,0,0,0,2,No
Alessandro Zanardi,Italy,"[1991, 1992, 1993, 1994, 1999]",0,44,41,0,0,0,0,1,No,,1990,0,0.9318181818,0,0,0,0.02272727273,5,No
Emilio Zapico,Spain,[1976],0,1,0,0,0,0,0,0,No,,1980,0,0,0,0,0,0,1,No
Zhou Guanyu,China,[2022],0,23,23,0,0,0,2,6,Yes,,2020,0,1,0,0,0.08695652174,0.2608695652,1,No
Ricardo Zonta,Brazil,"[1999, 2000, 2001, 2004, 2005]",0,37,36,0,0,0,0,3,No,,2000,0,0.972972973,0,0,0,0.08108108108,5,No
Renzo Zorzi,Italy,"[1975, 1976, 1977]",0,7,7,0,0,0,0,1,No,,1980,0,1,0,0,0,0.1428571429,3,No
Ricardo Zunino,Argentina,"[1979, 1980, 1981]",0,11,10,0,0,0,0,0,No,,1980,0,0.9090909091,0,0,0,0,3,No